custFirstName,custLastName,custPhone,custGender,driverFirstName,driverLastName,driverPhone,driverLicense,driverGender,carModel,carPlate,carColor,carType,carAvailable,startPoint,endPoint,distance,orderStatus,totalPrice,orderDate,reviewRating,reviewComment
"Serhii","Lysenko","+380842701223","female","Kateryna","Kravchenko","+380828383849","DL509159","female","Hyundai Sonata","AM 1855 II-0","Green","Luxury","true","Mykolaiv, Valova St, 49","Mykolaiv, Khmelnitskoho St, 48","8.13","SCHEDULED","67.93","2026-02-20","5","Could be better"
"Mykola","Kravchenko","+380941260201","prefer not to say","Nataliia","Boyko","+380852120832","DL745856","other","Toyota Camry","AX 6235 BB-1","Dark Blue","Sedan","true","Odesa, Sichovykh Striltsiv St, 61","Odesa, Kulparkivska St, 145","14.88","IN_PROGRESS","10.50","2026-03-17","5","Bad smell in cabin"
"Alina","Goncharenko","+380735039090","male","Viktor","Polishchuk","+380948478950","DL142094","other","Kia Optima","BH 6638 HT-2","Orange","Luxury","true","Odesa, Vasylkivska St, 120","Odesa, Stryiska St, 118","7.75","PENDING","41.26","2025-12-31","2","Highly recommend"
"Iryna","Zaitsev","+380987710864","prefer not to say","Mariia","Melnyk","+380761381625","DL879984","other","Honda Accord","AA 4249 AA-3","Brown","SUV","true","Ternopil, Bandery St, 72","Ternopil, Pekarska St, 107","10.20","COMPLETED","62.40","2026-01-03","5","Car was uncomfortable"
"Iryna","Fedorov","+380822324332","female","Mariia","Kovalenko","+380808467819","DL739995","male","Skoda Octavia","AM 7438 II-4","Brown","SUV","true","Lviv, Khmelnitskoho St, 46","Lviv, Vasylkivska St, 122","10.93","IN_PROGRESS","105.40","2026-01-07","2","Highly recommend"
"Dmytro","Oliinyk","+380682755061","male","Yevhen","Kushnir","+380843292190","DL407009","other","Volkswagen Passat","AB 2777 BB-5","Black","SUV","false","Zaporizhzhia, Chornovola Ave, 53","Zaporizhzhia, Naukova St, 142","5.70","IN_PROGRESS","86.11","2026-01-05","4","Very clean car"
"Mykola","Lysenko","+380772007940","prefer not to say","Olena","Melnyk","+380984688710","DL606285","other","Audi A4","AX 8393 II-6","Brown","Sedan","true","Uzhhorod, Bandery St, 31","Uzhhorod, Horodotska St, 69","5.60","IN_PROGRESS","74.05","2026-03-04","3","Bad smell in cabin"
"Serhii","Bondarenko","+380677339420","female","Mykola","Boyko","+380668368365","DL131566","male","Kia Optima","BB 9776 II-7","Dark Blue","SUV","false","Mykolaiv, Chornovola Ave, 3","Mykolaiv, Sichovykh Striltsiv St, 56","4.72","IN_PROGRESS","80.33","2026-01-22","5","Amazing experience"
"Oksana","Oliinyk","+380688762152","female","Ivan","Bondarenko","+380818951016","DL376467","female","BMW 5 Series","AA 1760 II-8","Grey","Hatchback","true","Ternopil, Naukova St, 29","Ternopil, Khmelnitskoho St, 112","5.10","COMPLETED","87.74","2026-02-05","1","Car was uncomfortable"
"Oksana","Zaitsev","+380811183612","prefer not to say","Oksana","Lysenko","+380994463110","DL942516","male","Mercedes-Benz C-Class","BB 6475 BB-9","Orange","Luxury","true","Kyiv, Lychakivska St, 89","Kyiv, Zelena St, 79","1.07","CANCELLED","67.06","2026-01-22","3","Bad smell in cabin"
"Andrii","Lysenko","+380997934456","other","Kateryna","Khmelyov","+380975773781","DL656149","prefer not to say","Kia Optima","BA 8857 AA-10","Yellow","Luxury","true","Chernivtsi, Lychakivska St, 129","Chernivtsi, Bandery St, 20","11.57","COMPLETED","15.71","2026-02-11","1","Amazing experience"
"Iryna","Zaitsev","+380742274951","other","Iryna","Goncharenko","+380857465222","DL428036","other","Subaru Legacy","AE 9045 BB-11","Green","Luxury","true","Lutsk, Sichovykh Striltsiv St, 78","Lutsk, Shevchenka St, 23","9.50","SCHEDULED","89.03","2026-03-08","5","Driver was late"
"Anna","Dovzhenko","+380971245356","prefer not to say","Pavlo","Polishchuk","+380872659682","DL690456","male","Renault Megane","BC 3330 II-12","Grey","Sedan","true","Kyiv, Lychakivska St, 54","Kyiv, Sichovykh Striltsiv St, 94","2.63","FAILED","44.18","2026-02-08","5","Driver was late"
"Olena","Kushnir","+380919846969","prefer not to say","Anna","Bondarenko","+380942040407","DL163605","prefer not to say","Tesla Model 3","BM 1271 AA-13","Red","Hatchback","true","Ternopil, Sichovykh Striltsiv St, 50","Ternopil, Sichovykh Striltsiv St, 99","3.91","FAILED","16.75","2026-01-05","3","Amazing experience"
"Kateryna","Hrytsenko","+380636594317","prefer not to say","Mykola","Dovzhenko","+380842226364","DL667616","male","Hyundai Sonata","BA 2735 HT-14","Brown","SUV","true","Zaporizhzhia, Pekarska St, 11","Zaporizhzhia, Sichovykh Striltsiv St, 132","1.20","IN_PROGRESS","49.32","2026-02-26","1","Could be better"
"Andrii","Kravchenko","+380683958179","female","Pavlo","Dovzhenko","+380784132279","DL322742","male","BMW 5 Series","BB 2654 AA-15","Dark Blue","Hatchback","true","Dnipro, Valova St, 139","Dnipro, Horodotska St, 138","13.71","REJECTED","22.88","2026-02-06","2","Could be better"
"Pavlo","Goncharenko","+380816298837","male","Svitlana","Fedorov","+380745122120","DL250610","prefer not to say","Nissan Altima","AO 6610 AA-16","Silver","Luxury","true","Lviv, Shevchenka St, 44","Lviv, Khmelnitskoho St, 142","8.58","REJECTED","19.86","2026-01-10","3","Driver was rude"
"Dmytro","Lysenko","+380886741190","other","Olena","Fedorov","+380961486347","DL909953","other","Kia Optima","AP 3832 BB-17","White","SUV","false","Kherson, Bandery St, 27","Kherson, Khmelnitskoho St, 94","1.73","FAILED","33.29","2026-03-11","1","Very clean car"
"Pavlo","Boyko","+380771659074","prefer not to say","Olena","Khmelyov","+380883539400","DL683458","female","Mazda 6","BA 7022 BB-18","White","Sedan","true","Chernivtsi, Bandery St, 124","Chernivtsi, Shevchenka St, 25","2.70","CANCELLED","92.12","2026-03-20","5","Highly recommend"
"Oleksandr","Bondarenko","+380804694717","male","Oleksandr","Khmelyov","+380998105411","DL488280","female","Subaru Legacy","BB 9967 II-19","Yellow","SUV","false","Uzhhorod, Bandery St, 56","Uzhhorod, Lychakivska St, 74","6.92","PENDING","75.24","2026-01-07","1","Polite driver"
"Andrii","Melnyk","+380739839680","prefer not to say","Kateryna","Kovalenko","+380885412303","DL440341","prefer not to say","Audi A4","BB 6288 HT-20","Yellow","Luxury","false","Vinnytsia, Pekarska St, 150","Vinnytsia, Franka St, 50","2.20","REJECTED","21.08","2026-03-07","5","Not recommended"
"Mykola","Marchenko","+380978158521","prefer not to say","Viktor","Kovalenko","+380737269849","DL714667","prefer not to say","Skoda Octavia","BA 1570 AA-21","Red","Luxury","false","Zaporizhzhia, Valova St, 38","Zaporizhzhia, Bandery St, 84","12.85","CANCELLED","88.80","2026-03-23","5","Polite driver"
"Mariia","Kravchenko","+380738857918","female","Mariia","Sokolova","+380736289029","DL783342","male","Tesla Model 3","BA 6891 CX-22","Silver","Sedan","true","Ternopil, Khmelnitskoho St, 85","Ternopil, Sichovykh Striltsiv St, 63","13.69","CANCELLED","79.86","2026-01-06","5","Smooth ride"
"Ivan","Sokolova","+380817663086","male","Andrii","Oliinyk","+380872900634","DL624286","male","Toyota Camry","AB 9844 HT-23","Orange","SUV","true","Vinnytsia, Bandery St, 90","Vinnytsia, Zelena St, 65","10.49","COMPLETED","66.19","2026-03-08","5","Bad smell in cabin"
"Dmytro","Fedorov","+380963990120","female","Anna","Bondarenko","+380736706467","DL661742","male","Nissan Altima","BC 9600 HT-24","White","Luxury","true","Rivne, Bandery St, 42","Rivne, Vasylkivska St, 149","2.79","CANCELLED","62.16","2026-02-12","2","Very clean car"
"Mariia","Tkachenko","+380669389618","other","Olena","Goncharenko","+380963818739","DL567058","other","Honda Accord","BH 6355 AA-25","Yellow","SUV","true","Kherson, Vasylkivska St, 143","Kherson, Shevchenka St, 24","9.74","SCHEDULED","85.31","2026-03-13","3","Driver was rude"
"Iryna","Tkachenko","+380655238994","male","Andrii","Kushnir","+380846432840","DL499291","female","BMW 5 Series","BC 9003 HT-26","Green","Sedan","true","Kharkiv, Shevchenka St, 132","Kharkiv, Zelena St, 15","3.52","ACCEPTED","81.98","2026-02-25","1","Will ride again"
"Kateryna","Shevchenko","+380774864276","prefer not to say","Mariia","Sokolova","+380726841893","DL836418","other","Mercedes-Benz C-Class","BK 8058 BB-27","Dark Blue","SUV","true","Lviv, Stryiska St, 5","Lviv, Naukova St, 106","11.10","CANCELLED","89.97","2026-01-09","5","Driver was rude"
"Anna","Kovalenko","+380792204158","male","Nataliia","Hrytsenko","+380858321909","DL193710","female","Subaru Legacy","BM 3557 AA-28","Dark Blue","Luxury","true","Lviv, Kulparkivska St, 49","Lviv, Khmelnitskoho St, 37","6.17","REJECTED","32.15","2026-01-03","4","Polite driver"
"Olena","Dovzhenko","+380667990731","male","Ivan","Boyko","+380959861466","DL273660","male","Skoda Octavia","BH 4470 BB-29","Orange","Hatchback","true","Odesa, Naukova St, 123","Odesa, Vasylkivska St, 10","9.96","REJECTED","47.67","2026-03-23","2","Driver was late"
"Kateryna","Melnyk","+380668003124","male","Olena","Goncharenko","+380876758141","DL793608","prefer not to say","Honda Accord","AM 8646 BB-30","Dark Blue","Luxury","true","Vinnytsia, Zelena St, 105","Vinnytsia, Stryiska St, 125","5.58","IN_PROGRESS","73.60","2026-03-06","2","Great trip!"
"Olena","Goncharenko","+380983226452","male","Iryna","Fedorov","+380773657422","DL426273","female","Toyota Camry","AO 6102 HT-31","Dark Blue","SUV","true","Chernivtsi, Naukova St, 60","Chernivtsi, Valova St, 34","1.14","IN_PROGRESS","28.24","2026-03-22","5","Could be better"
"Volodymyr","Hrytsenko","+380666784735","female","Oleksandr","Polishchuk","+380685608562","DL512736","female","Hyundai Sonata","BO 9084 BB-32","Black","Sedan","true","Dnipro, Franka St, 85","Dnipro, Valova St, 12","9.22","CANCELLED","102.86","2026-01-10","1","Amazing experience"
"Andrii","Kravchenko","+380872387804","other","Yevhen","Khmelyov","+380886834814","DL981379","male","Renault Megane","AA 1297 HT-33","Silver","Hatchback","true","Ternopil, Kulparkivska St, 89","Ternopil, Sichovykh Striltsiv St, 11","7.47","PENDING","10.23","2026-01-15","3","Smooth ride"
"Yevhen","Kushnir","+380884864708","female","Iryna","Melnyk","+380897441736","DL289923","female","Mazda 6","AT 7146 HT-34","Black","SUV","true","Dnipro, Sichovykh Striltsiv St, 105","Dnipro, Chornovola Ave, 44","2.36","REJECTED","18.60","2026-02-14","4","Polite driver"
"Yevhen","Khmelyov","+380773747695","male","Serhii","Shevchenko","+380837724932","DL236606","male","Audi A4","AP 4762 CX-35","Yellow","SUV","true","Rivne, Horodotska St, 118","Rivne, Shevchenka St, 47","11.91","ACCEPTED","72.80","2026-03-24","1","Amazing experience"
"Ivan","Melnyk","+380824745334","prefer not to say","Viktor","Oliinyk","+380794010527","DL658451","female","Audi A4","AM 9990 HT-36","Grey","Hatchback","true","Lutsk, Horodotska St, 104","Lutsk, Valova St, 34","10.33","IN_PROGRESS","10.42","2026-03-26","1","Will ride again"
"Yuliia","Lysenko","+380866196415","female","Kateryna","Goncharenko","+380882277476","DL590467","male","Skoda Octavia","AX 1268 AA-37","Black","SUV","true","Kherson, Chornovola Ave, 65","Kherson, Lychakivska St, 10","1.32","ACCEPTED","50.12","2026-03-03","5","Very clean car"
"Alina","Bondarenko","+380943899137","other","Ivan","Khmelyov","+380632836979","DL411538","prefer not to say","Renault Megane","AM 4686 HT-38","Silver","Luxury","true","Lutsk, Franka St, 20","Lutsk, Horodotska St, 8","12.75","ACCEPTED","91.98","2026-03-06","1","Will ride again"
"Nataliia","Fedorov","+380827078648","male","Svitlana","Hrytsenko","+380745943548","DL669286","male","Volkswagen Passat","BC 2721 CX-39","Yellow","SUV","true","Kherson, Stryiska St, 141","Kherson, Sichovykh Striltsiv St, 15","1.06","CANCELLED","27.76","2026-01-12","1","Amazing experience"
"Serhii","Bondarenko","+380921620712","male","Mariia","Zaitsev","+380745089348","DL975043","female","Mercedes-Benz C-Class","AT 9412 HT-40","Red","SUV","true","Lutsk, Khmelnitskoho St, 105","Lutsk, Valova St, 82","11.95","ACCEPTED","89.06","2026-03-19","2","Could be better"
"Volodymyr","Melnyk","+380904273741","male","Mariia","Kovalenko","+380631318896","DL305425","prefer not to say","Mercedes-Benz C-Class","BT 1758 CX-41","Brown","Sedan","false","Zaporizhzhia, Lychakivska St, 57","Zaporizhzhia, Pekarska St, 133","11.21","REJECTED","17.07","2026-02-26","4","Driver was rude"
"Dmytro","Zaitsev","+380633100687","male","Volodymyr","Sokolova","+380643026326","DL752646","male","Volkswagen Passat","BH 9688 AA-42","Green","Luxury","false","Kherson, Horodotska St, 86","Kherson, Naukova St, 5","10.02","PENDING","103.13","2026-01-09","2","Amazing experience"
"Dmytro","Bondarenko","+380958105605","prefer not to say","Pavlo","Kushnir","+380993214930","DL586599","other","Subaru Legacy","AE 7625 II-43","White","SUV","true","Rivne, Shevchenka St, 23","Rivne, Khmelnitskoho St, 35","11.41","ACCEPTED","107.14","2026-02-13","2","Driver was rude"
"Svitlana","Bondarenko","+380731450992","prefer not to say","Yuliia","Kovalenko","+380986796704","DL673276","prefer not to say","Skoda Octavia","BC 2602 AA-44","Black","Hatchback","true","Mykolaiv, Horodotska St, 148","Mykolaiv, Franka St, 97","13.61","ACCEPTED","56.35","2026-02-06","2","Not recommended"
"Alina","Tkachenko","+380777167537","female","Viktor","Dovzhenko","+380697271931","DL929877","female","Audi A4","AX 4402 BB-45","White","Sedan","true","Chernivtsi, Lychakivska St, 94","Chernivtsi, Stryiska St, 71","7.47","PENDING","53.54","2026-02-21","2","Great trip!"
"Oleksandr","Shevchenko","+380994611055","other","Alina","Oliinyk","+380809470139","DL868218","male","Tesla Model 3","AM 4257 BB-46","Grey","Sedan","false","Dnipro, Sichovykh Striltsiv St, 107","Dnipro, Franka St, 124","10.90","ACCEPTED","92.90","2026-03-16","4","Smooth ride"
"Volodymyr","Hrytsenko","+380783494886","prefer not to say","Ivan","Polishchuk","+380665126281","DL578759","prefer not to say","Audi A4","AX 1277 HT-47","White","Sedan","true","Lutsk, Kulparkivska St, 16","Lutsk, Lychakivska St, 139","7.15","REJECTED","42.38","2026-03-20","5","Bad smell in cabin"
"Serhii","Goncharenko","+380995482438","prefer not to say","Dmytro","Oliinyk","+380812481440","DL888861","other","Tesla Model 3","BI 5651 II-48","Dark Blue","Sedan","true","Lviv, Naukova St, 144","Lviv, Pekarska St, 44","1.71","PENDING","59.13","2026-03-10","5","Driver was late"
"Oksana","Fedorov","+380935241137","female","Viktor","Goncharenko","+380753408410","DL604466","other","Mercedes-Benz C-Class","AM 6760 CX-49","Dark Blue","Sedan","false","Vinnytsia, Chornovola Ave, 124","Vinnytsia, Pekarska St, 148","2.81","FAILED","76.68","2026-01-15","1","Polite driver"
"Yuliia","Oliinyk","+380799216359","male","Kateryna","Kushnir","+380639969771","DL332359","prefer not to say","Mazda 6","BI 2811 BB-50","Silver","Luxury","true","Mykolaiv, Naukova St, 92","Mykolaiv, Lychakivska St, 51","8.27","SCHEDULED","30.49","2026-02-21","3","Will ride again"
"Kateryna","Bondarenko","+380841879207","male","Mykola","Goncharenko","+380841883218","DL544893","male","Ford Fusion","BM 4643 BB-51","Silver","Luxury","true","Odesa, Valova St, 130","Odesa, Chornovola Ave, 17","12.68","ACCEPTED","109.89","2026-02-13","4","Amazing experience"
"Oksana","Hrytsenko","+380746984496","female","Iryna","Kovalenko","+380849801077","DL908650","male","Ford Fusion","AE 5150 II-52","Green","SUV","true","Kherson, Stryiska St, 139","Kherson, Kulparkivska St, 126","8.45","REJECTED","73.22","2026-02-06","5","Bad smell in cabin"
"Kateryna","Kovalenko","+380639281309","female","Yuliia","Goncharenko","+380728256528","DL208054","prefer not to say","Skoda Octavia","AE 8673 II-53","Dark Blue","SUV","true","Ternopil, Lychakivska St, 58","Ternopil, Naukova St, 113","11.01","COMPLETED","100.94","2026-02-20","3","Car was uncomfortable"
"Volodymyr","Fedorov","+380746510010","male","Andrii","Sokolova","+380747389945","DL421045","other","Kia Optima","AO 9536 AA-54","Orange","Hatchback","true","Uzhhorod, Chornovola Ave, 149","Uzhhorod, Sichovykh Striltsiv St, 74","12.78","COMPLETED","91.65","2026-03-14","3","Could be better"
"Serhii","Polishchuk","+380845611547","male","Yevhen","Kushnir","+380651024359","DL259681","female","Mazda 6","BE 9218 II-55","Grey","Luxury","true","Lutsk, Horodotska St, 72","Lutsk, Sichovykh Striltsiv St, 42","6.83","FAILED","93.21","2026-02-11","4","Highly recommend"
"Svitlana","Kushnir","+380803122258","female","Volodymyr","Kushnir","+380692335480","DL959706","other","Hyundai Sonata","BT 5282 II-56","Grey","SUV","true","Vinnytsia, Kulparkivska St, 113","Vinnytsia, Naukova St, 141","3.67","CANCELLED","49.32","2026-03-12","2","Highly recommend"
"Oksana","Lysenko","+380943194674","male","Oleksandr","Oliinyk","+380751236026","DL421221","other","Renault Megane","AO 8315 CX-57","Brown","Luxury","true","Kyiv, Khmelnitskoho St, 49","Kyiv, Zelena St, 81","4.22","FAILED","26.23","2026-03-20","3","Driver was late"
"Anna","Lysenko","+380799355622","male","Volodymyr","Marchenko","+380831469671","DL931714","male","Ford Fusion","BM 5284 BB-58","Green","SUV","false","Vinnytsia, Horodotska St, 141","Vinnytsia, Chornovola Ave, 47","7.81","REJECTED","108.56","2026-01-13","3","Great trip!"
"Anna","Oliinyk","+380798292400","male","Mariia","Oliinyk","+380943829215","DL726085","male","Honda Accord","BO 7920 AA-59","Grey","SUV","true","Dnipro, Vasylkivska St, 45","Dnipro, Vasylkivska St, 81","14.25","REJECTED","25.15","2026-03-02","5","Driver was rude"
"Iryna","Shevchenko","+380944866557","male","Pavlo","Oliinyk","+380638919388","DL282418","other","Renault Megane","BI 5220 II-60","Green","Sedan","true","Vinnytsia, Pekarska St, 124","Vinnytsia, Chornovola Ave, 139","1.61","IN_PROGRESS","72.21","2026-02-12","5","Driver was rude"
"Volodymyr","Oliinyk","+380688119996","other","Volodymyr","Oliinyk","+380652013747","DL418956","prefer not to say","Mercedes-Benz C-Class","AX 8313 II-61","Green","Hatchback","true","Kyiv, Horodotska St, 48","Kyiv, Bandery St, 77","13.14","ACCEPTED","95.86","2026-02-14","3","Great trip!"
"Ivan","Zaitsev","+380641515914","male","Serhii","Dovzhenko","+380657235516","DL365554","prefer not to say","Tesla Model 3","AB 3839 CX-62","Yellow","Sedan","true","Lviv, Pekarska St, 143","Lviv, Lychakivska St, 145","5.01","REJECTED","97.28","2026-01-16","4","Bad smell in cabin"
"Olena","Melnyk","+380739863912","other","Andrii","Boyko","+380882566432","DL950849","male","Volkswagen Passat","BK 1002 HT-63","Brown","Sedan","true","Lviv, Horodotska St, 131","Lviv, Zelena St, 103","13.96","PENDING","80.06","2026-02-14","1","Excellent service"
"Mykola","Kovalenko","+380718774906","prefer not to say","Olena","Kushnir","+380942225704","DL115411","other","Nissan Altima","AX 8666 II-64","White","SUV","true","Vinnytsia, Lychakivska St, 126","Vinnytsia, Chornovola Ave, 46","14.38","COMPLETED","31.14","2026-03-20","1","Terrible service"
"Ivan","Zaitsev","+380847452094","other","Anna","Marchenko","+380875101652","DL966891","other","Ford Fusion","AT 3080 BB-65","Yellow","Luxury","false","Kyiv, Lychakivska St, 10","Kyiv, Lychakivska St, 32","1.06","CANCELLED","18.59","2026-02-26","5","Will ride again"
"Oksana","Boyko","+380855276521","prefer not to say","Kateryna","Dovzhenko","+380809524239","DL836821","other","Mazda 6","AX 5592 II-66","Yellow","Hatchback","false","Chernivtsi, Sichovykh Striltsiv St, 141","Chernivtsi, Zelena St, 6","7.64","PENDING","19.32","2026-01-20","5","Car was uncomfortable"
"Yevhen","Bondarenko","+380639631062","male","Pavlo","Sokolova","+380964737760","DL493672","prefer not to say","Audi A4","BK 3088 BB-67","Orange","Luxury","true","Dnipro, Shevchenka St, 29","Dnipro, Valova St, 26","13.72","PENDING","26.74","2026-02-25","1","Amazing experience"
"Serhii","Bondarenko","+380993488437","male","Viktor","Kravchenko","+380773687065","DL702994","male","Ford Fusion","BA 7467 II-68","Dark Blue","Hatchback","false","Chernivtsi, Franka St, 81","Chernivtsi, Sichovykh Striltsiv St, 13","3.28","FAILED","48.80","2026-01-01","4","Will ride again"
"Oksana","Sokolova","+380861208946","male","Serhii","Boyko","+380988759098","DL652678","prefer not to say","Mazda 6","BO 1776 HT-69","Grey","Hatchback","false","Lviv, Vasylkivska St, 148","Lviv, Sichovykh Striltsiv St, 141","15.25","SCHEDULED","11.92","2026-02-02","4","Terrible service"
"Kateryna","Kravchenko","+380927236805","male","Andrii","Melnyk","+380768465205","DL929342","male","Skoda Octavia","BE 9463 CX-70","Yellow","Luxury","true","Kharkiv, Shevchenka St, 22","Kharkiv, Pekarska St, 9","6.76","PENDING","105.91","2026-03-15","5","Great trip!"
"Alina","Shevchenko","+380806640223","male","Iryna","Lysenko","+380777321739","DL442609","prefer not to say","Mazda 6","BC 6208 CX-71","Yellow","Hatchback","false","Kharkiv, Kulparkivska St, 51","Kharkiv, Stryiska St, 12","5.48","COMPLETED","36.80","2026-02-25","1","Excellent service"
"Andrii","Khmelyov","+380837511238","prefer not to say","Volodymyr","Shevchenko","+380964559786","DL752004","female","Audi A4","BA 7953 HT-72","White","SUV","false","Lviv, Horodotska St, 117","Lviv, Shevchenka St, 146","1.78","FAILED","88.11","2026-03-21","3","Smooth ride"
"Pavlo","Shevchenko","+380679438823","female","Alina","Melnyk","+380807760013","DL558905","male","Audi A4","BO 1051 HT-73","Brown","Sedan","false","Ivano-Frankivsk, Pekarska St, 28","Ivano-Frankivsk, Naukova St, 86","2.01","REJECTED","53.59","2026-03-24","5","Could be better"
"Anna","Polishchuk","+380658142758","male","Alina","Kravchenko","+380906430811","DL757138","female","Mazda 6","AT 7420 HT-74","Green","SUV","true","Zaporizhzhia, Kulparkivska St, 142","Zaporizhzhia, Lychakivska St, 54","6.82","PENDING","81.69","2026-03-15","5","Smooth ride"
"Mykola","Khmelyov","+380771212289","other","Nataliia","Bondarenko","+380871000825","DL600297","male","Renault Megane","BT 2803 II-75","Black","Sedan","true","Odesa, Kulparkivska St, 55","Odesa, Lychakivska St, 134","7.10","FAILED","75.46","2026-03-01","3","Could be better"
"Yevhen","Kushnir","+380877376869","other","Volodymyr","Boyko","+380715567868","DL158886","male","Skoda Octavia","BM 2864 AA-76","Yellow","Hatchback","true","Lutsk, Sichovykh Striltsiv St, 117","Lutsk, Pekarska St, 68","4.43","FAILED","91.50","2026-02-04","4","Bad smell in cabin"
"Mariia","Tkachenko","+380913885015","female","Alina","Polishchuk","+380667928362","DL160556","prefer not to say","Kia Optima","AA 6544 AA-77","Dark Blue","Luxury","true","Dnipro, Franka St, 70","Dnipro, Bandery St, 62","14.23","IN_PROGRESS","90.96","2026-01-27","5","Terrible service"
"Olena","Kovalenko","+380693444248","male","Oleksandr","Zaitsev","+380901250632","DL239143","male","Volkswagen Passat","AE 1258 II-78","White","Luxury","false","Ternopil, Lychakivska St, 47","Ternopil, Bandery St, 108","14.95","FAILED","66.86","2026-01-18","1","Driver was rude"
"Olena","Kushnir","+380898078331","male","Yevhen","Dovzhenko","+380921061016","DL642422","male","Mercedes-Benz C-Class","BM 3598 BB-79","Green","Luxury","true","Lviv, Chornovola Ave, 63","Lviv, Lychakivska St, 56","3.72","COMPLETED","32.08","2026-01-01","2","Not recommended"
"Andrii","Goncharenko","+380943480182","female","Yuliia","Dovzhenko","+380764856580","DL483023","female","Mazda 6","BI 8227 HT-80","Green","Hatchback","false","Lviv, Kulparkivska St, 119","Lviv, Valova St, 72","8.20","REJECTED","103.28","2026-02-10","1","Car was uncomfortable"
"Yevhen","Khmelyov","+380768771787","prefer not to say","Olena","Zaitsev","+380881510172","DL810148","male","Toyota Camry","BI 7220 II-81","Brown","Luxury","true","Odesa, Vasylkivska St, 73","Odesa, Pekarska St, 26","1.21","PENDING","79.58","2026-02-26","2","Smooth ride"
"Alina","Fedorov","+380819301704","female","Mykola","Oliinyk","+380906552975","DL340330","male","Toyota Camry","AO 8536 BB-82","Dark Blue","Hatchback","false","Kyiv, Kulparkivska St, 144","Kyiv, Chornovola Ave, 44","12.18","CANCELLED","27.69","2026-01-23","5","Will ride again"
"Mariia","Kravchenko","+380764422517","female","Iryna","Kravchenko","+380682704865","DL752177","male","Ford Fusion","BB 7909 AA-83","Black","SUV","true","Ternopil, Khmelnitskoho St, 36","Ternopil, Pekarska St, 59","1.38","SCHEDULED","58.20","2026-01-18","1","Driver was late"
"Mariia","Melnyk","+380826919024","male","Anna","Hrytsenko","+380711404731","DL384319","male","Subaru Legacy","BH 1954 BB-84","Orange","SUV","true","Kherson, Bandery St, 144","Kherson, Naukova St, 80","9.68","ACCEPTED","76.31","2026-02-13","1","Amazing experience"
"Anna","Dovzhenko","+380917902239","male","Serhii","Hrytsenko","+380759626541","DL165063","female","Tesla Model 3","AE 7269 AA-85","Red","Luxury","true","Vinnytsia, Kulparkivska St, 110","Vinnytsia, Valova St, 94","4.35","SCHEDULED","73.56","2026-02-12","3","Car was uncomfortable"
"Mariia","Oliinyk","+380722864930","other","Olena","Khmelyov","+380808793887","DL667813","female","Hyundai Sonata","BM 6410 BB-86","Green","Sedan","true","Ternopil, Chornovola Ave, 133","Ternopil, Lychakivska St, 65","12.23","SCHEDULED","68.21","2026-02-10","4","Smooth ride"
"Svitlana","Polishchuk","+380685759224","female","Oleksandr","Dovzhenko","+380657434228","DL601183","other","Tesla Model 3","BI 2873 II-87","Yellow","Sedan","true","Lutsk, Naukova St, 51","Lutsk, Shevchenka St, 31","15.88","REJECTED","104.39","2026-03-15","5","Driver was late"
"Volodymyr","Khmelyov","+380764806624","female","Dmytro","Marchenko","+380792231308","DL200872","male","Kia Optima","BC 4158 BB-88","Green","Luxury","true","Vinnytsia, Chornovola Ave, 5","Vinnytsia, Lychakivska St, 45","10.75","FAILED","34.48","2026-02-03","4","Smooth ride"
"Iryna","Zaitsev","+380979328826","prefer not to say","Oleksandr","Kovalenko","+380844413534","DL838916","prefer not to say","Mazda 6","BO 1453 CX-89","Yellow","SUV","false","Vinnytsia, Franka St, 118","Vinnytsia, Kulparkivska St, 20","5.54","IN_PROGRESS","65.15","2026-01-24","4","Could be better"
"Mykola","Sokolova","+380856205459","female","Dmytro","Melnyk","+380774417138","DL699849","male","Kia Optima","BI 3792 AA-90","Dark Blue","Sedan","true","Lviv, Zelena St, 81","Lviv, Kulparkivska St, 141","9.35","REJECTED","86.63","2026-01-27","3","Not recommended"
"Dmytro","Zaitsev","+380851545888","other","Yevhen","Fedorov","+380868409528","DL481179","male","Audi A4","AO 4221 II-91","Yellow","SUV","true","Odesa, Chornovola Ave, 62","Odesa, Sichovykh Striltsiv St, 112","1.10","IN_PROGRESS","37.01","2026-01-17","5","Amazing experience"
"Yuliia","Shevchenko","+380825557211","other","Oleksandr","Shevchenko","+380655886805","DL383981","prefer not to say","Mercedes-Benz C-Class","BK 3535 AA-92","Dark Blue","Luxury","true","Lviv, Sichovykh Striltsiv St, 59","Lviv, Bandery St, 142","3.71","FAILED","69.36","2026-03-27","4","Bad smell in cabin"
"Yuliia","Melnyk","+380823299452","prefer not to say","Volodymyr","Lysenko","+380794694925","DL233580","female","Tesla Model 3","BT 4879 AA-93","Dark Blue","Luxury","true","Vinnytsia, Naukova St, 89","Vinnytsia, Bandery St, 3","8.71","FAILED","107.20","2026-03-08","4","Bad smell in cabin"
"Alina","Goncharenko","+380992221672","other","Pavlo","Khmelyov","+380718572734","DL900098","female","Tesla Model 3","BA 7300 BB-94","Brown","Luxury","false","Kherson, Chornovola Ave, 63","Kherson, Vasylkivska St, 51","1.26","ACCEPTED","109.38","2026-01-27","4","Car was uncomfortable"
"Oksana","Goncharenko","+380889150648","prefer not to say","Nataliia","Lysenko","+380832098497","DL272917","other","Renault Megane","AP 3479 BB-95","Yellow","Hatchback","false","Ivano-Frankivsk, Pekarska St, 12","Ivano-Frankivsk, Vasylkivska St, 91","12.09","ACCEPTED","25.14","2026-01-21","3","Driver was late"
"Olena","Kovalenko","+380993130306","prefer not to say","Mykola","Hrytsenko","+380913773850","DL950837","other","Mazda 6","AB 5855 II-96","White","SUV","false","Odesa, Shevchenka St, 22","Odesa, Horodotska St, 21","6.73","REJECTED","92.31","2026-01-12","3","Could be better"
"Mykola","Zaitsev","+380922913046","other","Svitlana","Khmelyov","+380771305349","DL568009","female","Audi A4","BK 7961 BB-97","Orange","Sedan","true","Lutsk, Kulparkivska St, 123","Lutsk, Chornovola Ave, 6","13.85","SCHEDULED","72.04","2026-01-25","4","Smooth ride"
"Andrii","Hrytsenko","+380857708683","female","Serhii","Shevchenko","+380747586480","DL946528","female","Subaru Legacy","AE 8512 AA-98","Grey","Luxury","false","Vinnytsia, Lychakivska St, 26","Vinnytsia, Chornovola Ave, 98","11.03","IN_PROGRESS","10.86","2026-01-26","2","Could be better"
"Pavlo","Kovalenko","+380977733433","prefer not to say","Yevhen","Marchenko","+380699115347","DL512944","prefer not to say","Mazda 6","BT 2094 AA-99","Black","Hatchback","true","Rivne, Chornovola Ave, 125","Rivne, Franka St, 40","3.18","CANCELLED","84.84","2026-03-10","5","Car was uncomfortable"
"Ivan","Shevchenko","+380805948791","female","Andrii","Hrytsenko","+380759742518","DL906780","other","Subaru Legacy","AA 6880 BB-100","Dark Blue","SUV","true","Odesa, Vasylkivska St, 18","Odesa, Franka St, 117","2.98","ACCEPTED","12.67","2026-01-20","3","Highly recommend"
"Alina","Zaitsev","+380879246544","other","Svitlana","Marchenko","+380895438569","DL767099","female","Tesla Model 3","AM 1367 CX-101","Green","Sedan","true","Zaporizhzhia, Chornovola Ave, 4","Zaporizhzhia, Kulparkivska St, 30","8.83","ACCEPTED","49.32","2026-02-01","2","Will ride again"
"Svitlana","Fedorov","+380874222912","other","Viktor","Tkachenko","+380686700150","DL306800","prefer not to say","Audi A4","AT 3416 BB-102","Brown","Luxury","false","Kyiv, Kulparkivska St, 44","Kyiv, Kulparkivska St, 11","15.13","FAILED","44.21","2026-01-13","4","Very clean car"
"Serhii","Tkachenko","+380698454693","other","Svitlana","Dovzhenko","+380841915755","DL353124","prefer not to say","Mercedes-Benz C-Class","AP 3294 BB-103","Dark Blue","SUV","true","Ternopil, Shevchenka St, 78","Ternopil, Naukova St, 12","9.40","COMPLETED","33.22","2025-12-31","3","Terrible service"
"Oleksandr","Bondarenko","+380992820175","prefer not to say","Yuliia","Kovalenko","+380632478163","DL700652","male","Hyundai Sonata","BM 7900 BB-104","Red","Sedan","true","Vinnytsia, Naukova St, 83","Vinnytsia, Vasylkivska St, 110","15.96","REJECTED","33.42","2026-03-12","5","Driver was rude"
"Mykola","Kravchenko","+380919594541","prefer not to say","Mariia","Goncharenko","+380996429348","DL923658","other","Hyundai Sonata","AB 1076 II-105","Brown","Sedan","true","Kherson, Shevchenka St, 80","Kherson, Naukova St, 98","8.33","COMPLETED","82.87","2026-02-23","1","Terrible service"
"Ivan","Zaitsev","+380792525704","other","Alina","Oliinyk","+380806097276","DL716995","female","Volkswagen Passat","AP 9263 AA-106","Yellow","SUV","true","Chernivtsi, Kulparkivska St, 114","Chernivtsi, Horodotska St, 139","2.52","PENDING","77.19","2026-02-06","3","Highly recommend"
"Pavlo","Goncharenko","+380818550073","male","Oleksandr","Tkachenko","+380754258813","DL137121","male","Kia Optima","BE 9248 AA-107","Red","Luxury","true","Ivano-Frankivsk, Sichovykh Striltsiv St, 31","Ivano-Frankivsk, Horodotska St, 144","14.59","FAILED","22.14","2026-02-22","1","Bad smell in cabin"
"Mariia","Kravchenko","+380961645547","female","Mykola","Marchenko","+380838790414","DL155337","prefer not to say","Hyundai Sonata","BO 3812 HT-108","Grey","SUV","true","Dnipro, Stryiska St, 31","Dnipro, Chornovola Ave, 89","9.92","CANCELLED","110.00","2026-01-08","1","Not recommended"
"Kateryna","Boyko","+380721675066","female","Pavlo","Bondarenko","+380967417620","DL464015","prefer not to say","Nissan Altima","AX 3401 BB-109","Yellow","SUV","true","Uzhhorod, Zelena St, 144","Uzhhorod, Stryiska St, 28","15.26","COMPLETED","95.30","2026-01-15","2","Very clean car"
"Alina","Melnyk","+380726117478","other","Oleksandr","Melnyk","+380969485284","DL862684","prefer not to say","BMW 5 Series","AE 5737 HT-110","Black","Hatchback","true","Zaporizhzhia, Sichovykh Striltsiv St, 41","Zaporizhzhia, Valova St, 62","2.00","SCHEDULED","27.83","2026-03-24","1","Bad smell in cabin"
"Ivan","Lysenko","+380827564751","female","Nataliia","Goncharenko","+380743327811","DL336678","male","Kia Optima","BI 6512 AA-111","Green","Sedan","true","Uzhhorod, Horodotska St, 23","Uzhhorod, Horodotska St, 140","10.58","REJECTED","96.50","2026-01-03","2","Not recommended"
"Viktor","Kravchenko","+380745529504","other","Kateryna","Zaitsev","+380715116459","DL492751","female","Ford Fusion","AA 4846 CX-112","Yellow","SUV","false","Chernivtsi, Bandery St, 119","Chernivtsi, Zelena St, 19","12.75","REJECTED","17.43","2026-02-01","1","Smooth ride"
"Pavlo","Marchenko","+380878482263","female","Yuliia","Tkachenko","+380673324133","DL655426","prefer not to say","Hyundai Sonata","BI 6492 HT-113","Brown","SUV","true","Kyiv, Horodotska St, 21","Kyiv, Sichovykh Striltsiv St, 80","8.08","IN_PROGRESS","49.09","2026-01-27","3","Could be better"
"Andrii","Lysenko","+380867252636","other","Kateryna","Bondarenko","+380823295442","DL267078","male","Subaru Legacy","BO 3750 HT-114","Grey","Sedan","true","Chernivtsi, Stryiska St, 125","Chernivtsi, Horodotska St, 82","11.31","CANCELLED","107.33","2026-03-25","1","Not recommended"
"Svitlana","Kravchenko","+380988127501","male","Viktor","Bondarenko","+380632360485","DL776909","other","Audi A4","AB 8828 AA-115","Dark Blue","SUV","false","Ivano-Frankivsk, Vasylkivska St, 139","Ivano-Frankivsk, Chornovola Ave, 17","7.67","SCHEDULED","54.03","2026-03-11","1","Polite driver"
"Dmytro","Kravchenko","+380962252113","prefer not to say","Mykola","Melnyk","+380732461882","DL725073","female","Subaru Legacy","BH 9780 II-116","Red","Sedan","true","Uzhhorod, Chornovola Ave, 107","Uzhhorod, Pekarska St, 19","8.72","COMPLETED","92.17","2026-03-01","5","Driver was late"
"Yuliia","Shevchenko","+380768543569","female","Yevhen","Shevchenko","+380784894498","DL722760","female","Skoda Octavia","BE 6697 II-117","Yellow","SUV","true","Vinnytsia, Pekarska St, 117","Vinnytsia, Franka St, 48","11.40","REJECTED","61.69","2026-01-08","1","Amazing experience"
"Volodymyr","Marchenko","+380857936258","prefer not to say","Oksana","Kushnir","+380737673047","DL231853","other","Audi A4","BM 5241 AA-118","Silver","Luxury","false","Ternopil, Vasylkivska St, 134","Ternopil, Horodotska St, 108","11.09","PENDING","60.73","2026-02-14","5","Not recommended"
"Olena","Zaitsev","+380638103632","prefer not to say","Viktor","Boyko","+380962601214","DL245194","female","Audi A4","AX 4124 AA-119","Brown","SUV","true","Dnipro, Vasylkivska St, 58","Dnipro, Horodotska St, 84","6.45","FAILED","30.93","2026-01-25","2","Will ride again"
"Kateryna","Zaitsev","+380878927999","female","Svitlana","Polishchuk","+380882217208","DL693505","male","Tesla Model 3","BI 4803 AA-120","Yellow","Luxury","true","Ternopil, Stryiska St, 110","Ternopil, Stryiska St, 135","2.54","ACCEPTED","60.93","2026-03-20","5","Smooth ride"
"Svitlana","Boyko","+380812750547","female","Svitlana","Tkachenko","+380765787932","DL718427","other","Hyundai Sonata","AE 1267 AA-121","Yellow","Sedan","true","Zaporizhzhia, Horodotska St, 69","Zaporizhzhia, Chornovola Ave, 19","11.63","REJECTED","72.18","2026-01-09","2","Could be better"
"Iryna","Polishchuk","+380778354660","other","Yuliia","Kovalenko","+380701737309","DL156257","other","Audi A4","BA 7264 HT-122","Green","Sedan","true","Chernivtsi, Franka St, 144","Chernivtsi, Shevchenka St, 2","4.67","PENDING","19.26","2026-02-01","2","Will ride again"
"Yuliia","Tkachenko","+380996193746","female","Kateryna","Bondarenko","+380847492256","DL346342","other","Tesla Model 3","BE 9938 CX-123","Grey","SUV","true","Lviv, Bandery St, 9","Lviv, Chornovola Ave, 79","3.60","FAILED","59.19","2026-03-01","4","Car was uncomfortable"
"Oksana","Shevchenko","+380754877813","other","Alina","Lysenko","+380888755218","DL134332","prefer not to say","Nissan Altima","BH 2252 AA-124","White","Sedan","false","Dnipro, Chornovola Ave, 73","Dnipro, Bandery St, 131","4.59","FAILED","42.79","2026-03-09","1","Bad smell in cabin"
"Anna","Dovzhenko","+380691069124","female","Mykola","Zaitsev","+380912123941","DL181217","male","Ford Fusion","AX 2031 II-125","Silver","Luxury","true","Kherson, Shevchenka St, 96","Kherson, Lychakivska St, 104","13.50","CANCELLED","52.69","2026-03-10","4","Car was uncomfortable"
"Alina","Kushnir","+380842616061","male","Andrii","Boyko","+380692719793","DL830189","male","Audi A4","BE 6660 II-126","Brown","SUV","true","Lviv, Sichovykh Striltsiv St, 9","Lviv, Pekarska St, 83","2.20","IN_PROGRESS","14.48","2026-03-21","1","Not recommended"
"Nataliia","Lysenko","+380639440204","other","Ivan","Oliinyk","+380929009357","DL116183","prefer not to say","Mazda 6","AP 8488 AA-127","Yellow","Sedan","true","Odesa, Pekarska St, 147","Odesa, Khmelnitskoho St, 22","1.22","SCHEDULED","48.19","2026-03-25","3","Polite driver"
"Anna","Zaitsev","+380646934138","female","Andrii","Kushnir","+380699732742","DL982306","other","Honda Accord","AA 2627 CX-128","Silver","Hatchback","true","Zaporizhzhia, Sichovykh Striltsiv St, 52","Zaporizhzhia, Franka St, 29","11.40","ACCEPTED","17.36","2026-01-03","3","Bad smell in cabin"
"Serhii","Oliinyk","+380808897126","male","Volodymyr","Bondarenko","+380733460555","DL216808","other","Nissan Altima","BK 1281 HT-129","White","Hatchback","true","Ivano-Frankivsk, Vasylkivska St, 17","Ivano-Frankivsk, Shevchenka St, 55","8.91","IN_PROGRESS","38.92","2026-02-13","1","Terrible service"
"Pavlo","Dovzhenko","+380726324332","prefer not to say","Mykola","Kushnir","+380814099551","DL191349","female","Mercedes-Benz C-Class","AA 6200 HT-130","Yellow","Luxury","true","Vinnytsia, Franka St, 47","Vinnytsia, Lychakivska St, 62","11.67","CANCELLED","64.95","2026-03-18","5","Amazing experience"
"Alina","Tkachenko","+380748815610","female","Oksana","Oliinyk","+380677707382","DL395879","female","Hyundai Sonata","AO 4553 II-131","Green","Luxury","true","Uzhhorod, Pekarska St, 30","Uzhhorod, Bandery St, 97","14.65","PENDING","108.78","2026-02-24","3","Driver was late"
"Anna","Kovalenko","+380641992242","female","Ivan","Oliinyk","+380888760802","DL353827","male","Subaru Legacy","AP 2599 II-132","Silver","Sedan","true","Odesa, Zelena St, 126","Odesa, Stryiska St, 138","2.70","IN_PROGRESS","99.68","2026-02-20","3","Not recommended"
"Anna","Khmelyov","+380783454703","female","Yevhen","Melnyk","+380962370757","DL799586","female","Honda Accord","BA 9091 HT-133","Dark Blue","SUV","false","Lutsk, Chornovola Ave, 72","Lutsk, Sichovykh Striltsiv St, 52","11.64","CANCELLED","109.94","2026-01-22","4","Polite driver"
"Volodymyr","Polishchuk","+380896443972","male","Ivan","Hrytsenko","+380924639768","DL819020","other","BMW 5 Series","BB 8597 BB-134","Brown","Hatchback","false","Kherson, Stryiska St, 74","Kherson, Stryiska St, 149","11.51","FAILED","81.16","2026-02-05","5","Very clean car"
"Olena","Goncharenko","+380706372549","female","Dmytro","Hrytsenko","+380843016913","DL782782","male","BMW 5 Series","BK 4426 AA-135","Red","Luxury","false","Kyiv, Valova St, 83","Kyiv, Naukova St, 88","4.60","ACCEPTED","62.84","2026-02-19","4","Car was uncomfortable"
"Alina","Kravchenko","+380835848588","male","Mykola","Hrytsenko","+380893604292","DL774890","female","Kia Optima","AB 4985 AA-136","White","Sedan","false","Lutsk, Valova St, 109","Lutsk, Lychakivska St, 132","4.67","COMPLETED","59.66","2026-01-03","4","Bad smell in cabin"
"Iryna","Bondarenko","+380762581621","prefer not to say","Iryna","Goncharenko","+380697354523","DL238621","prefer not to say","Audi A4","BK 2887 AA-137","Black","Sedan","false","Zaporizhzhia, Horodotska St, 101","Zaporizhzhia, Kulparkivska St, 105","9.19","FAILED","61.58","2026-01-27","4","Not recommended"
"Ivan","Kravchenko","+380942724524","female","Oksana","Shevchenko","+380756202403","DL108515","male","Honda Accord","BH 5307 II-138","Grey","Luxury","true","Rivne, Chornovola Ave, 24","Rivne, Zelena St, 102","1.93","SCHEDULED","81.71","2026-02-10","3","Driver was rude"
"Ivan","Dovzhenko","+380683159898","male","Mariia","Fedorov","+380724274019","DL377527","female","Mercedes-Benz C-Class","AP 3286 AA-139","Red","Luxury","true","Kherson, Pekarska St, 2","Kherson, Vasylkivska St, 135","6.23","FAILED","45.26","2026-03-20","1","Will ride again"
"Mariia","Bondarenko","+380942952694","male","Kateryna","Kravchenko","+380808694356","DL227074","male","Mazda 6","AM 8412 BB-140","Grey","Hatchback","true","Kyiv, Stryiska St, 143","Kyiv, Lychakivska St, 54","8.94","PENDING","61.72","2026-02-08","5","Terrible service"
"Volodymyr","Kushnir","+380651509105","other","Yuliia","Kushnir","+380712434135","DL297861","other","Renault Megane","AA 7931 CX-141","Silver","Hatchback","true","Zaporizhzhia, Sichovykh Striltsiv St, 72","Zaporizhzhia, Bandery St, 56","4.64","COMPLETED","31.52","2026-03-18","4","Driver was rude"
"Viktor","Bondarenko","+380775048402","male","Nataliia","Zaitsev","+380633927898","DL440144","male","Ford Fusion","AE 1795 HT-142","White","SUV","true","Kharkiv, Horodotska St, 112","Kharkiv, Bandery St, 7","8.70","REJECTED","103.15","2026-02-28","1","Highly recommend"
"Mykola","Kovalenko","+380975098227","male","Ivan","Bondarenko","+380947869098","DL425513","female","Honda Accord","AM 7211 HT-143","White","Sedan","false","Ivano-Frankivsk, Vasylkivska St, 4","Ivano-Frankivsk, Naukova St, 54","3.17","CANCELLED","52.57","2026-02-11","3","Great trip!"
"Oksana","Kushnir","+380801959262","male","Dmytro","Sokolova","+380823670655","DL317681","female","Kia Optima","AE 9040 CX-144","Black","Luxury","false","Odesa, Sichovykh Striltsiv St, 125","Odesa, Bandery St, 22","10.91","COMPLETED","106.46","2026-02-05","4","Very clean car"
"Serhii","Lysenko","+380914730769","prefer not to say","Serhii","Kushnir","+380687851038","DL417733","male","Toyota Camry","AA 1021 II-145","Grey","SUV","true","Dnipro, Lychakivska St, 60","Dnipro, Lychakivska St, 5","3.36","COMPLETED","32.40","2026-02-11","5","Amazing experience"
"Alina","Zaitsev","+380946273838","female","Kateryna","Khmelyov","+380793851254","DL829718","prefer not to say","Subaru Legacy","AX 8930 HT-146","Red","Sedan","true","Ternopil, Stryiska St, 46","Ternopil, Khmelnitskoho St, 139","1.06","FAILED","39.09","2026-03-07","3","Excellent service"
"Mariia","Tkachenko","+380745679368","male","Volodymyr","Melnyk","+380998341724","DL120851","male","Honda Accord","AP 6333 HT-147","Dark Blue","Hatchback","false","Zaporizhzhia, Horodotska St, 102","Zaporizhzhia, Valova St, 25","12.72","FAILED","85.47","2026-01-13","1","Car was uncomfortable"
"Viktor","Kushnir","+380702970250","other","Yuliia","Kovalenko","+380925615490","DL715231","male","Nissan Altima","BC 4186 CX-148","Silver","Sedan","true","Ternopil, Valova St, 113","Ternopil, Vasylkivska St, 104","11.67","IN_PROGRESS","25.68","2026-03-14","2","Not recommended"
"Oksana","Fedorov","+380796955957","male","Yevhen","Dovzhenko","+380936658675","DL559136","prefer not to say","Renault Megane","BA 5241 AA-149","Dark Blue","SUV","true","Kyiv, Kulparkivska St, 101","Kyiv, Shevchenka St, 75","1.69","PENDING","31.16","2026-02-18","5","Highly recommend"
"Iryna","Lysenko","+380666669428","male","Dmytro","Dovzhenko","+380726823687","DL766195","male","Tesla Model 3","AA 5450 II-150","Brown","Hatchback","true","Dnipro, Stryiska St, 77","Dnipro, Stryiska St, 83","2.21","ACCEPTED","99.48","2026-03-10","2","Bad smell in cabin"
"Dmytro","Polishchuk","+380748556647","prefer not to say","Ivan","Lysenko","+380703633279","DL273828","prefer not to say","Toyota Camry","BC 4416 HT-151","Grey","Luxury","false","Ivano-Frankivsk, Bandery St, 39","Ivano-Frankivsk, Franka St, 87","13.40","REJECTED","100.44","2025-12-31","5","Car was uncomfortable"
"Alina","Lysenko","+380957433309","female","Oleksandr","Hrytsenko","+380663545799","DL794407","prefer not to say","Skoda Octavia","BK 5792 AA-152","Orange","Luxury","false","Dnipro, Vasylkivska St, 5","Dnipro, Bandery St, 78","15.72","IN_PROGRESS","32.55","2026-02-27","5","Car was uncomfortable"
"Viktor","Kushnir","+380682267908","male","Anna","Bondarenko","+380698983801","DL844702","male","Ford Fusion","BE 6622 HT-153","Orange","Sedan","false","Rivne, Franka St, 81","Rivne, Lychakivska St, 110","11.75","COMPLETED","85.97","2026-01-13","3","Polite driver"
"Oksana","Boyko","+380737779145","male","Volodymyr","Oliinyk","+380997501224","DL434038","prefer not to say","Volkswagen Passat","BO 1503 II-154","White","Luxury","true","Rivne, Sichovykh Striltsiv St, 32","Rivne, Zelena St, 54","13.19","IN_PROGRESS","88.91","2026-01-04","2","Amazing experience"
"Iryna","Kravchenko","+380673060275","other","Volodymyr","Zaitsev","+380984098271","DL232777","other","Renault Megane","AE 2476 HT-155","Yellow","SUV","false","Chernivtsi, Naukova St, 29","Chernivtsi, Pekarska St, 6","12.87","FAILED","100.16","2026-02-06","4","Car was uncomfortable"
"Olena","Fedorov","+380921407024","prefer not to say","Olena","Boyko","+380683591858","DL359335","prefer not to say","Toyota Camry","BE 3555 BB-156","Green","SUV","true","Vinnytsia, Stryiska St, 147","Vinnytsia, Zelena St, 86","7.11","ACCEPTED","94.01","2026-01-22","3","Amazing experience"
"Kateryna","Kushnir","+380847901040","male","Yuliia","Zaitsev","+380995091906","DL310789","male","Honda Accord","BT 9479 BB-157","Dark Blue","SUV","true","Kyiv, Horodotska St, 100","Kyiv, Franka St, 40","1.65","IN_PROGRESS","92.60","2026-01-07","5","Polite driver"
"Yuliia","Khmelyov","+380977686422","prefer not to say","Olena","Kovalenko","+380823773522","DL781347","prefer not to say","Subaru Legacy","AE 8560 BB-158","Dark Blue","SUV","true","Vinnytsia, Stryiska St, 43","Vinnytsia, Valova St, 147","13.57","REJECTED","22.24","2026-03-08","5","Polite driver"
"Oleksandr","Hrytsenko","+380825277239","other","Oksana","Polishchuk","+380995077678","DL940351","male","Volkswagen Passat","BT 6529 HT-159","Black","Luxury","true","Ternopil, Chornovola Ave, 5","Ternopil, Lychakivska St, 9","15.85","SCHEDULED","104.52","2026-02-27","5","Driver was rude"
"Viktor","Kushnir","+380912647086","female","Serhii","Kravchenko","+380711438259","DL718753","female","Audi A4","AE 6037 BB-160","Green","Sedan","true","Uzhhorod, Chornovola Ave, 32","Uzhhorod, Shevchenka St, 35","3.77","PENDING","83.26","2026-01-07","1","Driver was late"
"Volodymyr","Kovalenko","+380956016254","female","Yuliia","Oliinyk","+380765503924","DL460161","prefer not to say","Audi A4","AM 5072 HT-161","Red","SUV","true","Vinnytsia, Pekarska St, 146","Vinnytsia, Franka St, 102","1.40","COMPLETED","74.12","2026-01-03","4","Could be better"
"Pavlo","Marchenko","+380747795615","prefer not to say","Olena","Melnyk","+380789944263","DL316776","other","Volkswagen Passat","AE 3757 II-162","Brown","Sedan","false","Mykolaiv, Valova St, 106","Mykolaiv, Pekarska St, 51","1.49","FAILED","40.09","2026-01-31","2","Car was uncomfortable"
"Mariia","Lysenko","+380932002533","female","Pavlo","Kovalenko","+380793575869","DL907786","female","Honda Accord","BC 5851 CX-163","Green","Luxury","false","Dnipro, Shevchenka St, 121","Dnipro, Stryiska St, 132","6.23","FAILED","41.07","2026-03-14","1","Will ride again"
"Mykola","Kovalenko","+380677423660","female","Yevhen","Dovzhenko","+380692641222","DL866434","female","Skoda Octavia","BC 1803 CX-164","Brown","Hatchback","true","Lviv, Khmelnitskoho St, 58","Lviv, Shevchenka St, 103","12.31","CANCELLED","75.08","2026-01-26","1","Polite driver"
"Kateryna","Kushnir","+380797495949","prefer not to say","Svitlana","Boyko","+380803156616","DL592554","male","Subaru Legacy","AT 1614 CX-165","Black","SUV","true","Zaporizhzhia, Vasylkivska St, 66","Zaporizhzhia, Shevchenka St, 99","8.04","FAILED","15.13","2026-03-24","5","Amazing experience"
"Viktor","Fedorov","+380699873848","other","Svitlana","Dovzhenko","+380639467926","DL246519","prefer not to say","Mazda 6","BC 2744 HT-166","Green","Sedan","true","Ivano-Frankivsk, Bandery St, 77","Ivano-Frankivsk, Pekarska St, 92","3.76","CANCELLED","102.22","2026-03-09","3","Could be better"
"Andrii","Khmelyov","+380746303046","prefer not to say","Mariia","Goncharenko","+380717457642","DL287507","other","Volkswagen Passat","AO 9121 BB-167","Green","Luxury","false","Uzhhorod, Chornovola Ave, 71","Uzhhorod, Naukova St, 83","3.30","SCHEDULED","72.00","2026-03-26","4","Driver was rude"
"Viktor","Kushnir","+380734849009","other","Viktor","Zaitsev","+380939889938","DL764859","prefer not to say","Volkswagen Passat","AX 4509 BB-168","Brown","Luxury","true","Lutsk, Zelena St, 147","Lutsk, Stryiska St, 55","2.09","FAILED","18.52","2026-01-07","4","Driver was late"
"Andrii","Shevchenko","+380765868828","female","Viktor","Tkachenko","+380927543339","DL466628","female","Hyundai Sonata","BA 5733 AA-169","Brown","Sedan","true","Uzhhorod, Stryiska St, 5","Uzhhorod, Kulparkivska St, 79","8.45","FAILED","102.59","2026-01-16","4","Driver was late"
"Oleksandr","Kravchenko","+380791015571","female","Yuliia","Kravchenko","+380791747353","DL528879","female","Audi A4","BT 4720 AA-170","White","SUV","true","Kherson, Vasylkivska St, 68","Kherson, Stryiska St, 101","5.32","COMPLETED","86.35","2026-02-20","3","Smooth ride"
"Viktor","Lysenko","+380729217984","male","Mykola","Dovzhenko","+380771631935","DL259494","female","Subaru Legacy","BI 5102 II-171","Green","Hatchback","true","Kharkiv, Bandery St, 84","Kharkiv, Valova St, 10","4.89","CANCELLED","27.40","2026-02-14","1","Excellent service"
"Oleksandr","Lysenko","+380867365489","other","Yuliia","Kravchenko","+380798556487","DL794875","prefer not to say","Skoda Octavia","AP 1406 II-172","Dark Blue","Hatchback","true","Vinnytsia, Chornovola Ave, 34","Vinnytsia, Kulparkivska St, 106","2.20","PENDING","24.02","2026-03-13","5","Car was uncomfortable"
"Oksana","Boyko","+380971228223","other","Iryna","Shevchenko","+380866832908","DL358984","female","Hyundai Sonata","BB 6750 BB-173","Dark Blue","SUV","false","Zaporizhzhia, Lychakivska St, 66","Zaporizhzhia, Franka St, 147","11.09","FAILED","44.61","2026-01-21","2","Highly recommend"
"Iryna","Dovzhenko","+380957859417","prefer not to say","Nataliia","Kovalenko","+380734582493","DL827632","other","BMW 5 Series","BI 8059 CX-174","Red","Luxury","true","Kyiv, Khmelnitskoho St, 111","Kyiv, Lychakivska St, 57","7.75","ACCEPTED","60.37","2026-01-18","2","Smooth ride"
"Svitlana","Polishchuk","+380913543267","male","Viktor","Bondarenko","+380806532138","DL335469","other","Kia Optima","BK 5764 CX-175","Orange","SUV","true","Vinnytsia, Lychakivska St, 26","Vinnytsia, Franka St, 83","4.89","IN_PROGRESS","78.96","2026-01-01","2","Great trip!"
"Yevhen","Oliinyk","+380958709803","female","Nataliia","Kravchenko","+380914761582","DL194533","female","Subaru Legacy","AE 6516 AA-176","Brown","Hatchback","true","Mykolaiv, Shevchenka St, 94","Mykolaiv, Lychakivska St, 35","3.70","ACCEPTED","86.83","2026-03-12","5","Will ride again"
"Alina","Kravchenko","+380871396076","female","Serhii","Bondarenko","+380969676830","DL910357","male","Mazda 6","BB 8098 HT-177","Grey","Sedan","true","Lutsk, Chornovola Ave, 121","Lutsk, Horodotska St, 25","14.92","REJECTED","51.22","2026-03-24","4","Could be better"
"Iryna","Sokolova","+380933320721","female","Iryna","Fedorov","+380963876742","DL280958","other","Hyundai Sonata","AM 5538 HT-178","Dark Blue","Luxury","false","Kherson, Bandery St, 26","Kherson, Pekarska St, 146","14.10","IN_PROGRESS","82.81","2026-01-14","2","Driver was late"
"Anna","Kushnir","+380941964279","female","Nataliia","Marchenko","+380737741999","DL365022","prefer not to say","Toyota Camry","AX 7851 HT-179","Dark Blue","Hatchback","true","Kherson, Valova St, 6","Kherson, Zelena St, 40","10.18","CANCELLED","108.26","2026-01-03","4","Excellent service"
"Mariia","Melnyk","+380847089379","female","Nataliia","Hrytsenko","+380817875624","DL664454","other","Audi A4","BC 8024 HT-180","Yellow","Hatchback","true","Zaporizhzhia, Khmelnitskoho St, 115","Zaporizhzhia, Lychakivska St, 14","13.80","ACCEPTED","77.09","2026-03-10","4","Polite driver"
"Mykola","Kravchenko","+380645426366","male","Andrii","Tkachenko","+380909436850","DL870261","female","Honda Accord","AP 5030 AA-181","Red","SUV","true","Zaporizhzhia, Vasylkivska St, 51","Zaporizhzhia, Horodotska St, 41","6.43","PENDING","26.80","2026-01-31","1","Car was uncomfortable"
"Nataliia","Tkachenko","+380756809858","other","Kateryna","Oliinyk","+380954770330","DL683110","other","Mercedes-Benz C-Class","AM 6937 II-182","Grey","SUV","true","Kherson, Stryiska St, 59","Kherson, Lychakivska St, 19","8.86","COMPLETED","104.49","2026-01-03","2","Terrible service"
"Iryna","Kovalenko","+380948116128","male","Andrii","Kravchenko","+380666157957","DL609085","prefer not to say","Audi A4","BI 2129 BB-183","White","Luxury","false","Odesa, Pekarska St, 124","Odesa, Valova St, 82","6.60","REJECTED","96.28","2026-03-19","1","Driver was rude"
"Pavlo","Bondarenko","+380651741612","male","Anna","Sokolova","+380935374927","DL346691","female","Hyundai Sonata","AE 6027 BB-184","Orange","Sedan","true","Rivne, Pekarska St, 103","Rivne, Vasylkivska St, 47","8.43","SCHEDULED","21.59","2026-01-27","3","Amazing experience"
"Viktor","Melnyk","+380986709116","male","Yuliia","Boyko","+380639167625","DL494687","female","Kia Optima","AM 7052 II-185","Red","Sedan","false","Ivano-Frankivsk, Lychakivska St, 120","Ivano-Frankivsk, Pekarska St, 30","10.35","PENDING","81.22","2026-02-07","2","Highly recommend"
"Mykola","Hrytsenko","+380958164561","female","Kateryna","Melnyk","+380672870279","DL807128","other","Mercedes-Benz C-Class","BE 4276 AA-186","Orange","SUV","true","Uzhhorod, Zelena St, 137","Uzhhorod, Franka St, 141","10.35","REJECTED","100.93","2026-03-05","2","Terrible service"
"Yuliia","Khmelyov","+380789702049","prefer not to say","Serhii","Kovalenko","+380672561375","DL635867","male","Toyota Camry","BE 8662 II-187","White","Sedan","true","Uzhhorod, Khmelnitskoho St, 138","Uzhhorod, Horodotska St, 103","12.68","COMPLETED","29.87","2026-01-13","3","Will ride again"
"Pavlo","Sokolova","+380938779522","other","Oksana","Fedorov","+380737981953","DL442626","other","Subaru Legacy","BH 1232 II-188","Yellow","Sedan","false","Ternopil, Zelena St, 33","Ternopil, Sichovykh Striltsiv St, 136","15.19","FAILED","76.79","2026-03-06","4","Car was uncomfortable"
"Alina","Lysenko","+380835269859","other","Nataliia","Kushnir","+380806544107","DL232556","female","Renault Megane","AA 2420 II-189","Dark Blue","Hatchback","true","Kharkiv, Naukova St, 129","Kharkiv, Vasylkivska St, 127","4.32","IN_PROGRESS","88.23","2026-01-25","2","Driver was late"
"Mariia","Tkachenko","+380739688850","prefer not to say","Volodymyr","Shevchenko","+380813019042","DL389621","prefer not to say","BMW 5 Series","AM 5821 CX-190","Grey","Luxury","true","Lviv, Sichovykh Striltsiv St, 19","Lviv, Vasylkivska St, 48","6.03","ACCEPTED","48.94","2026-02-21","1","Could be better"
"Svitlana","Oliinyk","+380787184253","prefer not to say","Yevhen","Sokolova","+380963774694","DL183774","other","Skoda Octavia","AT 4124 II-191","Red","Hatchback","false","Chernivtsi, Khmelnitskoho St, 115","Chernivtsi, Vasylkivska St, 3","12.77","FAILED","88.36","2026-01-21","2","Could be better"
"Yuliia","Goncharenko","+380907272208","female","Dmytro","Oliinyk","+380984699072","DL719198","prefer not to say","Hyundai Sonata","BB 9733 BB-192","White","Sedan","true","Kherson, Lychakivska St, 8","Kherson, Kulparkivska St, 18","14.33","SCHEDULED","10.85","2026-01-11","1","Very clean car"
"Yevhen","Boyko","+380931898960","female","Oksana","Polishchuk","+380932120085","DL154675","prefer not to say","Subaru Legacy","BB 5396 HT-193","Yellow","Sedan","true","Zaporizhzhia, Khmelnitskoho St, 78","Zaporizhzhia, Lychakivska St, 102","5.41","CANCELLED","74.18","2026-03-02","5","Very clean car"
"Viktor","Dovzhenko","+380743040987","male","Volodymyr","Fedorov","+380912757551","DL824016","prefer not to say","Ford Fusion","AB 5913 CX-194","Brown","Luxury","true","Lviv, Naukova St, 10","Lviv, Valova St, 57","13.07","CANCELLED","53.74","2026-02-17","1","Great trip!"
"Oksana","Khmelyov","+380792875036","prefer not to say","Kateryna","Kushnir","+380837531546","DL121712","female","Hyundai Sonata","AM 2570 AA-195","Brown","Sedan","true","Lviv, Chornovola Ave, 87","Lviv, Lychakivska St, 42","1.11","REJECTED","37.94","2026-01-08","5","Polite driver"
"Mykola","Goncharenko","+380672190890","prefer not to say","Oksana","Zaitsev","+380975352150","DL946289","other","Renault Megane","AB 5957 HT-196","Orange","Sedan","true","Lviv, Pekarska St, 119","Lviv, Chornovola Ave, 104","4.97","SCHEDULED","11.86","2026-01-23","5","Excellent service"
"Oleksandr","Khmelyov","+380997632017","male","Mykola","Kravchenko","+380856138837","DL911079","male","Renault Megane","BO 5409 AA-197","Orange","Hatchback","true","Kharkiv, Lychakivska St, 18","Kharkiv, Bandery St, 5","1.56","REJECTED","39.76","2026-01-22","3","Very clean car"
"Yevhen","Fedorov","+380902665939","other","Nataliia","Kravchenko","+380721153179","DL491211","other","Volkswagen Passat","BA 7149 AA-198","Grey","Sedan","true","Lviv, Stryiska St, 72","Lviv, Pekarska St, 96","8.26","SCHEDULED","32.70","2026-03-11","4","Car was uncomfortable"
"Mykola","Sokolova","+380907825247","female","Andrii","Shevchenko","+380892358696","DL865557","prefer not to say","Kia Optima","BH 9122 II-199","Brown","Sedan","false","Odesa, Lychakivska St, 69","Odesa, Khmelnitskoho St, 72","15.39","REJECTED","100.51","2026-02-11","2","Bad smell in cabin"
"Anna","Kovalenko","+380815356655","prefer not to say","Yuliia","Kushnir","+380874836694","DL885526","female","Nissan Altima","AB 6008 CX-200","Black","SUV","true","Dnipro, Franka St, 126","Dnipro, Bandery St, 86","14.43","ACCEPTED","52.92","2026-02-28","3","Terrible service"
"Nataliia","Lysenko","+380777327887","prefer not to say","Serhii","Tkachenko","+380759933814","DL847633","female","Mazda 6","AA 1186 CX-201","Red","Hatchback","true","Lviv, Bandery St, 2","Lviv, Kulparkivska St, 86","4.92","ACCEPTED","83.94","2026-02-10","1","Could be better"
"Viktor","Dovzhenko","+380995479274","male","Viktor","Khmelyov","+380877005722","DL204222","other","BMW 5 Series","BI 7492 BB-202","Green","SUV","true","Dnipro, Vasylkivska St, 17","Dnipro, Pekarska St, 117","8.10","SCHEDULED","76.91","2026-03-20","4","Driver was late"
"Mariia","Dovzhenko","+380952039410","other","Kateryna","Kushnir","+380761243424","DL313040","prefer not to say","Skoda Octavia","AA 4184 BB-203","White","Luxury","true","Mykolaiv, Stryiska St, 27","Mykolaiv, Kulparkivska St, 29","12.63","REJECTED","55.49","2026-02-18","3","Driver was rude"
"Pavlo","Dovzhenko","+380977584083","prefer not to say","Andrii","Zaitsev","+380905153286","DL867998","prefer not to say","Mazda 6","AT 7539 CX-204","Dark Blue","Hatchback","true","Dnipro, Bandery St, 2","Dnipro, Chornovola Ave, 51","2.11","CANCELLED","73.75","2026-03-15","1","Will ride again"
"Serhii","Kravchenko","+380885689532","male","Anna","Khmelyov","+380946224223","DL291753","male","Skoda Octavia","AE 9693 II-205","Brown","SUV","true","Kyiv, Naukova St, 102","Kyiv, Bandery St, 94","14.54","IN_PROGRESS","45.56","2026-01-15","5","Not recommended"
"Olena","Bondarenko","+380966079350","female","Yevhen","Oliinyk","+380878963800","DL663677","female","Ford Fusion","BM 9855 AA-206","Brown","Sedan","true","Lutsk, Zelena St, 12","Lutsk, Horodotska St, 139","14.06","FAILED","97.82","2026-02-07","3","Terrible service"
"Serhii","Boyko","+380853993910","female","Olena","Oliinyk","+380866092551","DL988264","male","Mercedes-Benz C-Class","AE 5928 II-207","Red","Luxury","false","Uzhhorod, Chornovola Ave, 77","Uzhhorod, Pekarska St, 130","13.01","REJECTED","108.97","2026-01-19","5","Not recommended"
"Serhii","Fedorov","+380907724183","other","Svitlana","Khmelyov","+380641339368","DL787509","other","Skoda Octavia","BC 2945 HT-208","White","Luxury","true","Uzhhorod, Lychakivska St, 88","Uzhhorod, Vasylkivska St, 122","14.36","ACCEPTED","23.24","2026-01-24","2","Amazing experience"
"Nataliia","Kovalenko","+380897017758","female","Mariia","Kushnir","+380836512136","DL963615","male","Renault Megane","BK 3674 AA-209","Red","Sedan","true","Mykolaiv, Bandery St, 125","Mykolaiv, Bandery St, 125","8.84","COMPLETED","26.93","2026-01-20","5","Will ride again"
"Kateryna","Kovalenko","+380933039892","other","Anna","Shevchenko","+380909807722","DL931647","male","Audi A4","BA 3686 HT-210","Silver","Sedan","true","Kharkiv, Lychakivska St, 145","Kharkiv, Horodotska St, 115","6.39","COMPLETED","106.63","2026-01-24","4","Highly recommend"
"Viktor","Polishchuk","+380995783183","prefer not to say","Viktor","Dovzhenko","+380749084698","DL284406","male","Audi A4","AT 1298 CX-211","Orange","Hatchback","true","Vinnytsia, Chornovola Ave, 76","Vinnytsia, Valova St, 16","10.56","ACCEPTED","63.33","2026-01-27","1","Driver was late"
"Anna","Sokolova","+380978255202","other","Andrii","Lysenko","+380912374034","DL950301","female","Renault Megane","BT 1536 HT-212","Red","Hatchback","true","Lviv, Chornovola Ave, 4","Lviv, Khmelnitskoho St, 17","5.04","ACCEPTED","93.08","2026-03-19","3","Great trip!"
"Andrii","Kravchenko","+380773185733","other","Kateryna","Polishchuk","+380838816437","DL604395","prefer not to say","Hyundai Sonata","AB 2443 BB-213","Grey","Sedan","false","Dnipro, Lychakivska St, 74","Dnipro, Kulparkivska St, 51","7.03","FAILED","66.47","2026-01-01","1","Driver was late"
"Dmytro","Kravchenko","+380934580516","prefer not to say","Pavlo","Bondarenko","+380986884878","DL216607","female","Kia Optima","BT 5580 BB-214","Dark Blue","Hatchback","true","Ivano-Frankivsk, Lychakivska St, 40","Ivano-Frankivsk, Khmelnitskoho St, 81","15.05","CANCELLED","106.02","2026-02-15","4","Car was uncomfortable"
"Iryna","Hrytsenko","+380868104813","other","Serhii","Boyko","+380813854832","DL705146","female","Tesla Model 3","AX 2786 BB-215","Green","SUV","true","Lutsk, Bandery St, 11","Lutsk, Stryiska St, 49","2.08","IN_PROGRESS","47.16","2026-02-21","1","Will ride again"
"Svitlana","Oliinyk","+380707955006","prefer not to say","Nataliia","Oliinyk","+380942455118","DL933345","male","Volkswagen Passat","AE 1288 BB-216","Black","SUV","false","Ivano-Frankivsk, Franka St, 100","Ivano-Frankivsk, Franka St, 103","4.76","SCHEDULED","12.21","2026-01-26","3","Car was uncomfortable"
"Anna","Sokolova","+380792609301","other","Andrii","Oliinyk","+380978430473","DL590306","prefer not to say","Audi A4","AA 9214 II-217","Grey","Luxury","true","Ivano-Frankivsk, Horodotska St, 88","Ivano-Frankivsk, Franka St, 38","8.28","COMPLETED","26.60","2026-03-03","1","Great trip!"
"Yevhen","Hrytsenko","+380818231732","female","Viktor","Marchenko","+380824748051","DL185553","prefer not to say","Hyundai Sonata","BO 3741 II-218","Silver","Luxury","true","Chernivtsi, Vasylkivska St, 68","Chernivtsi, Bandery St, 139","11.10","FAILED","52.64","2026-02-14","3","Driver was late"
"Mariia","Fedorov","+380858527665","other","Mariia","Hrytsenko","+380676622536","DL965072","male","Honda Accord","BI 6365 AA-219","Grey","Luxury","true","Vinnytsia, Lychakivska St, 99","Vinnytsia, Franka St, 64","13.17","SCHEDULED","32.26","2026-03-08","2","Could be better"
"Alina","Lysenko","+380791281989","male","Volodymyr","Oliinyk","+380793255426","DL690738","male","Mazda 6","BA 5358 CX-220","Green","Luxury","true","Zaporizhzhia, Shevchenka St, 89","Zaporizhzhia, Bandery St, 47","6.39","CANCELLED","90.90","2026-02-17","4","Excellent service"
"Mariia","Shevchenko","+380756203350","male","Yevhen","Kushnir","+380926690858","DL906342","male","Renault Megane","BK 9725 CX-221","Yellow","SUV","true","Chernivtsi, Chornovola Ave, 12","Chernivtsi, Pekarska St, 96","7.88","ACCEPTED","36.30","2026-03-22","1","Excellent service"
"Andrii","Marchenko","+380748195236","male","Andrii","Sokolova","+380714728897","DL169815","male","Nissan Altima","AA 6924 CX-222","Yellow","Sedan","true","Rivne, Khmelnitskoho St, 68","Rivne, Stryiska St, 23","15.08","ACCEPTED","107.58","2026-03-08","1","Excellent service"
"Pavlo","Dovzhenko","+380744150192","male","Kateryna","Dovzhenko","+380704143246","DL854292","prefer not to say","Kia Optima","BM 5458 AA-223","White","SUV","true","Dnipro, Lychakivska St, 93","Dnipro, Lychakivska St, 129","7.60","ACCEPTED","71.87","2026-02-08","3","Great trip!"
"Viktor","Kushnir","+380734780129","prefer not to say","Oksana","Goncharenko","+380647399727","DL132934","prefer not to say","Subaru Legacy","BI 1344 AA-224","Brown","Sedan","true","Kharkiv, Sichovykh Striltsiv St, 113","Kharkiv, Chornovola Ave, 64","9.76","REJECTED","28.49","2026-01-23","2","Could be better"
"Oksana","Hrytsenko","+380822720496","female","Yuliia","Oliinyk","+380747679132","DL267714","prefer not to say","Renault Megane","AP 2595 HT-225","Grey","Luxury","false","Vinnytsia, Sichovykh Striltsiv St, 15","Vinnytsia, Shevchenka St, 65","2.64","PENDING","50.92","2026-03-12","3","Bad smell in cabin"
"Dmytro","Polishchuk","+380657713239","other","Iryna","Goncharenko","+380749765370","DL321906","other","Hyundai Sonata","BE 5664 BB-226","Grey","Sedan","true","Uzhhorod, Khmelnitskoho St, 15","Uzhhorod, Franka St, 93","6.65","IN_PROGRESS","58.64","2026-02-12","3","Great trip!"
"Mykola","Melnyk","+380872873251","other","Svitlana","Goncharenko","+380869348739","DL789688","other","Mercedes-Benz C-Class","AB 4692 HT-227","Black","SUV","false","Dnipro, Chornovola Ave, 2","Dnipro, Shevchenka St, 54","10.11","COMPLETED","100.65","2026-02-06","5","Highly recommend"
"Ivan","Goncharenko","+380979608345","other","Yevhen","Kovalenko","+380789127052","DL522813","prefer not to say","Subaru Legacy","BM 7184 II-228","Yellow","Sedan","true","Odesa, Pekarska St, 83","Odesa, Chornovola Ave, 97","5.62","CANCELLED","12.23","2026-02-18","1","Not recommended"
"Iryna","Sokolova","+380936405018","prefer not to say","Anna","Tkachenko","+380881779113","DL936064","other","Volkswagen Passat","AP 6732 HT-229","Red","Luxury","true","Zaporizhzhia, Chornovola Ave, 60","Zaporizhzhia, Lychakivska St, 137","10.75","COMPLETED","61.77","2026-01-02","4","Great trip!"
"Kateryna","Tkachenko","+380672974765","female","Nataliia","Sokolova","+380874691633","DL706214","other","Mazda 6","BM 2315 CX-230","Green","SUV","true","Dnipro, Khmelnitskoho St, 78","Dnipro, Horodotska St, 110","7.07","ACCEPTED","46.36","2026-02-06","2","Smooth ride"
"Ivan","Polishchuk","+380642857735","male","Ivan","Bondarenko","+380866872216","DL267682","prefer not to say","Nissan Altima","AB 6837 AA-231","Red","Sedan","false","Ternopil, Sichovykh Striltsiv St, 137","Ternopil, Kulparkivska St, 39","6.87","PENDING","102.72","2026-03-02","1","Highly recommend"
"Anna","Sokolova","+380816610446","other","Dmytro","Kravchenko","+380791596666","DL522763","other","Nissan Altima","BB 3012 BB-232","Brown","Sedan","false","Kharkiv, Stryiska St, 51","Kharkiv, Bandery St, 12","11.44","COMPLETED","101.68","2026-01-25","3","Smooth ride"
"Olena","Boyko","+380973518472","prefer not to say","Serhii","Oliinyk","+380789228244","DL606146","other","Renault Megane","BH 5563 CX-233","Dark Blue","Luxury","false","Vinnytsia, Chornovola Ave, 91","Vinnytsia, Lychakivska St, 10","7.99","SCHEDULED","78.82","2026-03-10","5","Highly recommend"
"Alina","Boyko","+380871141414","prefer not to say","Iryna","Marchenko","+380807746004","DL794650","male","Skoda Octavia","BH 1140 AA-234","Dark Blue","SUV","true","Dnipro, Naukova St, 79","Dnipro, Khmelnitskoho St, 78","15.25","REJECTED","88.57","2026-01-06","1","Great trip!"
"Alina","Hrytsenko","+380837353546","male","Oksana","Goncharenko","+380759225935","DL180181","male","Kia Optima","BI 1169 CX-235","Yellow","Sedan","true","Lviv, Lychakivska St, 113","Lviv, Shevchenka St, 146","7.32","COMPLETED","76.21","2026-03-15","4","Driver was rude"
"Oleksandr","Melnyk","+380719916989","other","Svitlana","Sokolova","+380952096459","DL107377","male","Audi A4","AT 3302 AA-236","Dark Blue","Luxury","true","Kherson, Stryiska St, 64","Kherson, Bandery St, 27","9.09","REJECTED","49.48","2026-01-12","5","Not recommended"
"Mariia","Goncharenko","+380891188765","male","Oleksandr","Khmelyov","+380661197870","DL599995","male","Skoda Octavia","AA 2234 II-237","Dark Blue","SUV","false","Ivano-Frankivsk, Vasylkivska St, 72","Ivano-Frankivsk, Naukova St, 107","6.39","ACCEPTED","63.10","2026-02-27","3","Amazing experience"
"Alina","Oliinyk","+380858685611","prefer not to say","Svitlana","Zaitsev","+380978554654","DL343914","female","BMW 5 Series","BH 9228 CX-238","Grey","SUV","true","Chernivtsi, Kulparkivska St, 55","Chernivtsi, Naukova St, 121","9.17","PENDING","16.93","2026-01-07","4","Excellent service"
"Oksana","Zaitsev","+380928497396","other","Ivan","Tkachenko","+380963748185","DL992575","other","Mercedes-Benz C-Class","AT 2371 CX-239","Grey","Luxury","true","Zaporizhzhia, Naukova St, 50","Zaporizhzhia, Naukova St, 62","4.63","CANCELLED","61.28","2026-03-05","1","Great trip!"
"Yuliia","Lysenko","+380781113225","other","Andrii","Dovzhenko","+380951893114","DL344699","female","BMW 5 Series","AT 8930 II-240","Dark Blue","Hatchback","true","Ivano-Frankivsk, Sichovykh Striltsiv St, 81","Ivano-Frankivsk, Horodotska St, 28","11.34","CANCELLED","96.07","2026-01-25","5","Polite driver"
"Kateryna","Dovzhenko","+380755996635","prefer not to say","Yuliia","Kravchenko","+380707814150","DL465391","male","Toyota Camry","BM 4438 BB-241","Orange","Luxury","true","Mykolaiv, Stryiska St, 97","Mykolaiv, Lychakivska St, 19","1.24","REJECTED","16.00","2026-03-17","5","Could be better"
"Mariia","Kovalenko","+380925754552","male","Yevhen","Hrytsenko","+380754222574","DL939151","other","Honda Accord","AO 9671 AA-242","Red","Sedan","true","Vinnytsia, Sichovykh Striltsiv St, 13","Vinnytsia, Zelena St, 126","4.68","ACCEPTED","108.58","2026-03-01","4","Bad smell in cabin"
"Olena","Kovalenko","+380709946137","prefer not to say","Yuliia","Goncharenko","+380864719141","DL721384","male","Volkswagen Passat","BI 1230 BB-243","Red","Luxury","true","Chernivtsi, Franka St, 87","Chernivtsi, Naukova St, 130","1.03","ACCEPTED","33.04","2026-03-18","4","Could be better"
"Svitlana","Polishchuk","+380912513368","male","Yuliia","Fedorov","+380996814647","DL947441","prefer not to say","Mercedes-Benz C-Class","BE 4546 HT-244","Brown","Sedan","true","Chernivtsi, Franka St, 138","Chernivtsi, Kulparkivska St, 78","7.49","CANCELLED","56.84","2026-01-24","5","Bad smell in cabin"
"Andrii","Khmelyov","+380688232354","prefer not to say","Nataliia","Kravchenko","+380849822741","DL202207","female","Subaru Legacy","BI 9022 HT-245","Green","SUV","true","Ivano-Frankivsk, Sichovykh Striltsiv St, 63","Ivano-Frankivsk, Chornovola Ave, 15","6.93","PENDING","44.38","2026-02-09","4","Could be better"
"Volodymyr","Khmelyov","+380956621021","male","Alina","Khmelyov","+380661870407","DL519748","male","Tesla Model 3","BH 2388 BB-246","Brown","Sedan","true","Lutsk, Naukova St, 13","Lutsk, Naukova St, 21","9.74","FAILED","38.57","2026-03-20","4","Car was uncomfortable"
"Mariia","Melnyk","+380996709002","female","Dmytro","Bondarenko","+380636090174","DL155158","prefer not to say","Honda Accord","AP 3561 CX-247","Silver","SUV","true","Kherson, Kulparkivska St, 131","Kherson, Horodotska St, 29","13.54","PENDING","29.49","2026-03-20","5","Could be better"
"Volodymyr","Shevchenko","+380917825773","male","Viktor","Kushnir","+380925696114","DL582034","male","Kia Optima","BT 1414 HT-248","Silver","Sedan","true","Lutsk, Valova St, 125","Lutsk, Franka St, 70","9.80","IN_PROGRESS","103.31","2026-01-24","2","Highly recommend"
"Yevhen","Boyko","+380806622433","other","Volodymyr","Khmelyov","+380722327610","DL572897","female","Mercedes-Benz C-Class","BB 5454 II-249","White","SUV","true","Ivano-Frankivsk, Franka St, 105","Ivano-Frankivsk, Franka St, 58","12.60","CANCELLED","52.20","2026-03-13","2","Smooth ride"
"Viktor","Zaitsev","+380684826732","male","Mykola","Polishchuk","+380821095924","DL610402","other","Nissan Altima","BE 2088 AA-250","Silver","Sedan","true","Ternopil, Bandery St, 137","Ternopil, Valova St, 26","14.05","COMPLETED","84.16","2026-03-25","2","Not recommended"
"Olena","Polishchuk","+380936508016","female","Viktor","Sokolova","+380686572725","DL513141","male","Renault Megane","AP 4218 BB-251","Yellow","SUV","true","Vinnytsia, Sichovykh Striltsiv St, 75","Vinnytsia, Bandery St, 36","14.90","ACCEPTED","41.31","2026-03-14","2","Great trip!"
"Alina","Sokolova","+380676171184","other","Anna","Bondarenko","+380804377858","DL299629","female","Audi A4","AM 5270 AA-252","Grey","Sedan","true","Rivne, Vasylkivska St, 116","Rivne, Vasylkivska St, 141","11.50","PENDING","102.42","2026-01-25","2","Smooth ride"
"Mariia","Lysenko","+380864979453","other","Mariia","Fedorov","+380963166977","DL401846","prefer not to say","Kia Optima","AX 6814 HT-253","Orange","SUV","false","Rivne, Vasylkivska St, 83","Rivne, Horodotska St, 12","7.09","SCHEDULED","95.15","2026-03-25","2","Smooth ride"
"Yevhen","Tkachenko","+380789624067","prefer not to say","Anna","Khmelyov","+380839445317","DL745501","female","Hyundai Sonata","BH 1853 BB-254","Green","Sedan","true","Uzhhorod, Sichovykh Striltsiv St, 128","Uzhhorod, Khmelnitskoho St, 4","9.29","FAILED","101.01","2026-02-24","4","Driver was rude"
"Yevhen","Marchenko","+380688956816","other","Serhii","Zaitsev","+380677875594","DL372114","other","Kia Optima","BK 3205 II-255","White","Luxury","true","Lutsk, Chornovola Ave, 127","Lutsk, Khmelnitskoho St, 18","6.88","IN_PROGRESS","94.10","2026-03-01","4","Polite driver"
"Oleksandr","Bondarenko","+380696613667","other","Anna","Shevchenko","+380881156114","DL720647","male","Nissan Altima","AO 1920 BB-256","Red","Luxury","true","Dnipro, Vasylkivska St, 2","Dnipro, Vasylkivska St, 6","12.49","CANCELLED","77.12","2026-01-24","4","Not recommended"
"Mykola","Boyko","+380766634047","other","Andrii","Kushnir","+380943046816","DL204806","female","Skoda Octavia","BB 9650 CX-257","Silver","SUV","true","Chernivtsi, Horodotska St, 148","Chernivtsi, Bandery St, 103","13.57","IN_PROGRESS","102.08","2026-03-22","3","Bad smell in cabin"
"Olena","Bondarenko","+380998870335","prefer not to say","Serhii","Goncharenko","+380941316907","DL553191","other","Tesla Model 3","BA 7679 BB-258","Dark Blue","SUV","true","Mykolaiv, Vasylkivska St, 123","Mykolaiv, Naukova St, 102","4.54","CANCELLED","47.26","2026-03-01","3","Terrible service"
"Alina","Oliinyk","+380889420147","male","Viktor","Hrytsenko","+380631532427","DL310375","female","BMW 5 Series","AA 8621 AA-259","Green","Luxury","true","Kherson, Kulparkivska St, 114","Kherson, Horodotska St, 121","9.38","CANCELLED","68.96","2026-03-07","4","Polite driver"
"Kateryna","Kushnir","+380723661458","prefer not to say","Svitlana","Zaitsev","+380957484135","DL568229","other","Kia Optima","BH 4413 BB-260","Yellow","Sedan","true","Zaporizhzhia, Bandery St, 87","Zaporizhzhia, Bandery St, 140","4.97","ACCEPTED","59.45","2025-12-31","2","Driver was late"
"Anna","Bondarenko","+380849152782","male","Mykola","Melnyk","+380778101922","DL434163","prefer not to say","Renault Megane","AB 8806 BB-261","Orange","SUV","true","Rivne, Horodotska St, 49","Rivne, Stryiska St, 128","9.88","FAILED","21.76","2026-02-01","2","Very clean car"
"Volodymyr","Dovzhenko","+380774431334","male","Alina","Oliinyk","+380906415585","DL513413","male","Ford Fusion","BO 3976 CX-262","Yellow","SUV","true","Kyiv, Bandery St, 83","Kyiv, Khmelnitskoho St, 134","7.15","FAILED","85.01","2026-02-02","4","Terrible service"
"Yuliia","Khmelyov","+380657194271","male","Dmytro","Shevchenko","+380711948541","DL500469","male","Mazda 6","BT 9615 HT-263","Dark Blue","Sedan","true","Kyiv, Khmelnitskoho St, 75","Kyiv, Chornovola Ave, 106","14.25","FAILED","11.82","2026-01-08","5","Not recommended"
"Yuliia","Lysenko","+380658710564","female","Oksana","Lysenko","+380722755168","DL756910","male","Kia Optima","BT 1070 AA-264","Red","Hatchback","false","Odesa, Horodotska St, 89","Odesa, Sichovykh Striltsiv St, 8","8.72","IN_PROGRESS","98.67","2026-02-28","3","Excellent service"
"Mariia","Boyko","+380883492600","female","Iryna","Sokolova","+380755966527","DL183603","female","Volkswagen Passat","BE 7876 AA-265","Orange","Luxury","true","Kyiv, Pekarska St, 78","Kyiv, Stryiska St, 115","2.16","SCHEDULED","66.88","2026-03-17","1","Not recommended"
"Kateryna","Sokolova","+380953849732","male","Svitlana","Marchenko","+380859305985","DL424677","prefer not to say","Nissan Altima","BT 6528 HT-266","Silver","SUV","true","Kyiv, Valova St, 93","Kyiv, Stryiska St, 133","11.86","IN_PROGRESS","10.51","2026-02-21","1","Highly recommend"
"Volodymyr","Kovalenko","+380993352896","male","Alina","Tkachenko","+380735880699","DL255714","female","Audi A4","BI 9200 AA-267","Red","SUV","true","Chernivtsi, Khmelnitskoho St, 60","Chernivtsi, Valova St, 39","7.12","REJECTED","69.90","2026-02-23","1","Car was uncomfortable"
"Kateryna","Hrytsenko","+380974925979","other","Nataliia","Oliinyk","+380658617206","DL565723","other","Nissan Altima","AO 4668 BB-268","Brown","Hatchback","true","Kyiv, Horodotska St, 139","Kyiv, Khmelnitskoho St, 118","4.51","REJECTED","40.25","2026-03-01","1","Not recommended"
"Iryna","Melnyk","+380896744719","female","Pavlo","Marchenko","+380822008059","DL610958","other","Mazda 6","BK 4066 II-269","Yellow","SUV","true","Rivne, Vasylkivska St, 52","Rivne, Pekarska St, 97","9.78","REJECTED","61.42","2026-03-20","1","Car was uncomfortable"
"Andrii","Kushnir","+380652503622","female","Nataliia","Goncharenko","+380998588051","DL458141","other","Subaru Legacy","AE 9618 HT-270","Green","Sedan","true","Rivne, Pekarska St, 95","Rivne, Chornovola Ave, 9","14.23","IN_PROGRESS","63.21","2026-03-11","3","Not recommended"
"Nataliia","Marchenko","+380839737807","prefer not to say","Oksana","Khmelyov","+380868504942","DL342824","other","BMW 5 Series","AX 9241 HT-271","Silver","Luxury","true","Lutsk, Valova St, 58","Lutsk, Vasylkivska St, 124","8.55","COMPLETED","43.10","2026-02-01","2","Terrible service"
"Anna","Bondarenko","+380816967724","other","Olena","Polishchuk","+380688925297","DL766323","female","Ford Fusion","BC 2125 CX-272","Black","Sedan","true","Kharkiv, Franka St, 26","Kharkiv, Valova St, 72","11.05","IN_PROGRESS","16.99","2026-02-01","1","Not recommended"
"Pavlo","Hrytsenko","+380696976030","female","Oksana","Goncharenko","+380754782442","DL201576","male","Ford Fusion","BA 7087 II-273","Green","Hatchback","true","Mykolaiv, Khmelnitskoho St, 102","Mykolaiv, Sichovykh Striltsiv St, 121","9.35","SCHEDULED","62.65","2026-03-26","5","Amazing experience"
"Svitlana","Dovzhenko","+380885720590","female","Yevhen","Hrytsenko","+380889837732","DL792037","male","Nissan Altima","BT 4010 II-274","Grey","SUV","true","Kherson, Kulparkivska St, 118","Kherson, Chornovola Ave, 30","3.89","CANCELLED","75.47","2026-03-02","3","Polite driver"
"Andrii","Shevchenko","+380824009145","prefer not to say","Pavlo","Kravchenko","+380952740790","DL482643","female","Ford Fusion","AA 2932 HT-275","Brown","Hatchback","true","Dnipro, Zelena St, 3","Dnipro, Shevchenka St, 58","11.59","SCHEDULED","12.60","2026-01-10","4","Driver was rude"
"Iryna","Oliinyk","+380855510062","other","Dmytro","Kovalenko","+380721061813","DL243955","prefer not to say","Ford Fusion","BE 8402 AA-276","Dark Blue","Hatchback","false","Lviv, Horodotska St, 120","Lviv, Valova St, 117","15.77","CANCELLED","97.05","2026-02-24","2","Amazing experience"
"Pavlo","Melnyk","+380874461612","prefer not to say","Serhii","Fedorov","+380857771031","DL196585","other","Honda Accord","AB 5418 CX-277","Brown","SUV","true","Lviv, Vasylkivska St, 150","Lviv, Valova St, 76","13.48","REJECTED","105.12","2026-03-17","4","Great trip!"
"Ivan","Kovalenko","+380659917733","other","Kateryna","Sokolova","+380639971039","DL831011","female","Volkswagen Passat","BB 1273 AA-278","Yellow","Luxury","true","Kharkiv, Naukova St, 20","Kharkiv, Pekarska St, 74","9.35","FAILED","22.77","2026-03-17","4","Not recommended"
"Mykola","Hrytsenko","+380923880478","other","Iryna","Kovalenko","+380874934963","DL684164","other","Volkswagen Passat","BI 9133 HT-279","Grey","Hatchback","true","Dnipro, Stryiska St, 114","Dnipro, Shevchenka St, 51","10.48","FAILED","104.37","2026-03-04","1","Not recommended"
"Yuliia","Boyko","+380659880395","other","Yevhen","Polishchuk","+380821816187","DL493777","other","Nissan Altima","AM 6727 BB-280","Dark Blue","Sedan","true","Uzhhorod, Franka St, 93","Uzhhorod, Franka St, 83","1.02","PENDING","43.84","2026-01-21","5","Amazing experience"
"Volodymyr","Zaitsev","+380875497295","other","Oleksandr","Boyko","+380802407419","DL489609","prefer not to say","Hyundai Sonata","BT 3659 BB-281","Green","Luxury","true","Dnipro, Shevchenka St, 90","Dnipro, Pekarska St, 147","6.19","REJECTED","34.94","2026-02-15","3","Terrible service"
"Anna","Melnyk","+380735103998","other","Ivan","Melnyk","+380992906207","DL631605","female","Ford Fusion","AT 4518 BB-282","Red","Luxury","true","Dnipro, Franka St, 18","Dnipro, Lychakivska St, 5","10.20","IN_PROGRESS","89.31","2026-01-04","4","Not recommended"
"Pavlo","Sokolova","+380877936605","prefer not to say","Iryna","Goncharenko","+380837925309","DL854167","female","Skoda Octavia","AX 3757 II-283","Brown","Sedan","true","Uzhhorod, Shevchenka St, 130","Uzhhorod, Shevchenka St, 117","1.19","IN_PROGRESS","80.15","2026-02-13","3","Smooth ride"
"Pavlo","Tkachenko","+380939547867","other","Yevhen","Marchenko","+380717254290","DL542138","other","Mazda 6","BE 9151 CX-284","Grey","Luxury","true","Zaporizhzhia, Horodotska St, 34","Zaporizhzhia, Bandery St, 10","10.66","FAILED","90.04","2026-01-19","1","Car was uncomfortable"
"Yevhen","Bondarenko","+380647216355","other","Pavlo","Oliinyk","+380889629055","DL789368","prefer not to say","Skoda Octavia","AM 3418 II-285","Red","SUV","false","Kharkiv, Franka St, 31","Kharkiv, Zelena St, 129","11.94","CANCELLED","106.55","2026-01-21","2","Great trip!"
"Dmytro","Lysenko","+380973687894","other","Andrii","Dovzhenko","+380667809055","DL841400","male","Audi A4","BE 9004 HT-286","Grey","Sedan","true","Lviv, Kulparkivska St, 22","Lviv, Khmelnitskoho St, 47","14.90","REJECTED","53.41","2026-02-25","4","Driver was rude"
"Yevhen","Kushnir","+380892307576","other","Yevhen","Sokolova","+380964264624","DL736188","male","Mazda 6","AM 2914 II-287","Dark Blue","Hatchback","true","Kherson, Kulparkivska St, 91","Kherson, Khmelnitskoho St, 19","6.17","PENDING","65.30","2026-02-04","5","Polite driver"
"Iryna","Kushnir","+380719175560","male","Svitlana","Dovzhenko","+380876536815","DL965265","prefer not to say","Hyundai Sonata","BM 8958 BB-288","Silver","Luxury","true","Zaporizhzhia, Horodotska St, 94","Zaporizhzhia, Shevchenka St, 70","13.98","SCHEDULED","26.42","2026-01-03","5","Polite driver"
"Ivan","Shevchenko","+380991777850","male","Yevhen","Dovzhenko","+380664360945","DL678500","male","Volkswagen Passat","AA 3569 CX-289","White","Hatchback","true","Ivano-Frankivsk, Zelena St, 6","Ivano-Frankivsk, Shevchenka St, 29","3.92","ACCEPTED","72.02","2026-03-12","2","Amazing experience"
"Viktor","Melnyk","+380862601913","prefer not to say","Ivan","Zaitsev","+380735954269","DL989633","other","Volkswagen Passat","BI 2977 II-290","Brown","Hatchback","false","Uzhhorod, Pekarska St, 20","Uzhhorod, Bandery St, 41","7.86","REJECTED","22.71","2026-02-21","5","Smooth ride"
"Svitlana","Zaitsev","+380769856945","prefer not to say","Iryna","Kovalenko","+380981072259","DL334620","male","Volkswagen Passat","AE 7153 BB-291","Grey","Hatchback","true","Lutsk, Vasylkivska St, 75","Lutsk, Shevchenka St, 128","2.09","IN_PROGRESS","95.64","2026-01-12","1","Amazing experience"
"Anna","Marchenko","+380918378471","other","Svitlana","Kushnir","+380884684578","DL224908","other","Tesla Model 3","AO 5840 II-292","White","Luxury","true","Rivne, Bandery St, 95","Rivne, Zelena St, 96","12.80","CANCELLED","63.28","2026-01-17","1","Highly recommend"
"Serhii","Oliinyk","+380673243007","other","Volodymyr","Oliinyk","+380959165755","DL157851","other","Skoda Octavia","BK 9062 BB-293","Brown","Luxury","false","Uzhhorod, Kulparkivska St, 141","Uzhhorod, Stryiska St, 150","12.74","PENDING","73.81","2026-01-03","3","Car was uncomfortable"
"Oleksandr","Fedorov","+380695212676","other","Iryna","Polishchuk","+380882923210","DL276868","female","Honda Accord","BH 1043 HT-294","Red","Hatchback","true","Kherson, Vasylkivska St, 87","Kherson, Lychakivska St, 5","6.85","REJECTED","11.05","2026-02-23","5","Could be better"
"Kateryna","Lysenko","+380753161021","other","Olena","Kovalenko","+380982720399","DL846524","prefer not to say","Mercedes-Benz C-Class","AA 2427 CX-295","Orange","Hatchback","true","Ternopil, Horodotska St, 44","Ternopil, Naukova St, 24","11.17","REJECTED","73.57","2026-02-21","2","Driver was late"
"Oleksandr","Kravchenko","+380677508193","female","Serhii","Marchenko","+380658333086","DL778260","other","Tesla Model 3","AE 7614 II-296","Red","SUV","true","Ternopil, Shevchenka St, 100","Ternopil, Lychakivska St, 15","8.34","COMPLETED","67.98","2026-03-19","3","Car was uncomfortable"
"Kateryna","Boyko","+380905365956","female","Ivan","Kushnir","+380956452496","DL169410","prefer not to say","BMW 5 Series","BA 4056 CX-297","Red","Hatchback","true","Chernivtsi, Franka St, 42","Chernivtsi, Lychakivska St, 103","5.39","REJECTED","80.89","2026-03-21","1","Bad smell in cabin"
"Svitlana","Lysenko","+380921436056","other","Svitlana","Hrytsenko","+380748488138","DL988338","other","Audi A4","AA 8772 II-298","Yellow","Hatchback","true","Kharkiv, Shevchenka St, 66","Kharkiv, Khmelnitskoho St, 119","13.33","SCHEDULED","78.70","2026-02-01","1","Amazing experience"
"Kateryna","Goncharenko","+380857840404","female","Oleksandr","Zaitsev","+380639099482","DL975676","male","Nissan Altima","BI 1483 II-299","Dark Blue","Sedan","false","Mykolaiv, Bandery St, 35","Mykolaiv, Vasylkivska St, 112","6.99","ACCEPTED","86.16","2026-02-17","5","Polite driver"
"Mykola","Sokolova","+380953114237","female","Serhii","Shevchenko","+380731104279","DL635309","female","Tesla Model 3","BM 5751 CX-300","Dark Blue","Sedan","true","Mykolaiv, Franka St, 30","Mykolaiv, Bandery St, 91","4.73","SCHEDULED","28.29","2026-03-24","4","Excellent service"
"Serhii","Dovzhenko","+380844352290","prefer not to say","Nataliia","Kushnir","+380891746502","DL959443","female","Kia Optima","BK 4736 HT-301","Brown","SUV","true","Rivne, Sichovykh Striltsiv St, 144","Rivne, Vasylkivska St, 69","8.83","IN_PROGRESS","56.05","2026-02-02","5","Driver was rude"
"Viktor","Dovzhenko","+380781405993","male","Dmytro","Fedorov","+380872707224","DL892541","other","Kia Optima","AB 1695 BB-302","Silver","Hatchback","true","Ternopil, Franka St, 62","Ternopil, Sichovykh Striltsiv St, 94","4.87","PENDING","19.69","2026-02-04","5","Driver was rude"
"Volodymyr","Khmelyov","+380902213358","male","Iryna","Kovalenko","+380639131708","DL609953","prefer not to say","Nissan Altima","BM 6592 BB-303","Yellow","SUV","true","Dnipro, Lychakivska St, 57","Dnipro, Pekarska St, 58","15.58","ACCEPTED","27.20","2026-03-21","4","Polite driver"
"Mykola","Tkachenko","+380706988012","male","Ivan","Lysenko","+380986724989","DL817113","other","Ford Fusion","AE 7990 AA-304","Yellow","Sedan","false","Lviv, Chornovola Ave, 106","Lviv, Vasylkivska St, 78","5.35","CANCELLED","40.56","2026-03-22","1","Terrible service"
"Oleksandr","Zaitsev","+380847829448","male","Andrii","Dovzhenko","+380917121305","DL656561","other","Nissan Altima","AE 4501 AA-305","Orange","Luxury","true","Uzhhorod, Sichovykh Striltsiv St, 108","Uzhhorod, Kulparkivska St, 63","7.11","CANCELLED","70.67","2026-03-05","5","Not recommended"
"Nataliia","Shevchenko","+380711483405","other","Olena","Khmelyov","+380888981524","DL960363","female","Renault Megane","BA 3311 BB-306","Silver","SUV","true","Kherson, Valova St, 109","Kherson, Chornovola Ave, 140","2.32","REJECTED","24.57","2026-03-19","1","Could be better"
"Nataliia","Kravchenko","+380758659542","female","Kateryna","Khmelyov","+380668262723","DL304283","other","Volkswagen Passat","BB 9646 HT-307","Red","Hatchback","true","Lutsk, Naukova St, 107","Lutsk, Bandery St, 134","6.80","REJECTED","93.32","2026-01-09","1","Bad smell in cabin"
"Pavlo","Boyko","+380642935014","prefer not to say","Iryna","Lysenko","+380982087452","DL194344","other","BMW 5 Series","BC 2659 BB-308","White","Sedan","true","Mykolaiv, Khmelnitskoho St, 20","Mykolaiv, Vasylkivska St, 61","13.75","CANCELLED","92.04","2026-02-08","1","Could be better"
"Yuliia","Marchenko","+380925522041","other","Kateryna","Tkachenko","+380821330777","DL477454","male","Skoda Octavia","AE 8651 II-309","Dark Blue","Hatchback","false","Mykolaiv, Bandery St, 25","Mykolaiv, Naukova St, 65","3.67","PENDING","91.92","2026-01-25","4","Will ride again"
"Volodymyr","Boyko","+380918074819","male","Dmytro","Tkachenko","+380731374692","DL191906","male","Hyundai Sonata","AA 6851 BB-310","Brown","Luxury","true","Lutsk, Vasylkivska St, 64","Lutsk, Shevchenka St, 149","7.43","REJECTED","80.01","2026-02-19","1","Bad smell in cabin"
"Iryna","Zaitsev","+380718068867","other","Svitlana","Lysenko","+380949194824","DL454915","male","Renault Megane","BA 7632 II-311","Silver","Luxury","true","Odesa, Chornovola Ave, 98","Odesa, Naukova St, 145","1.68","IN_PROGRESS","33.31","2026-02-12","3","Great trip!"
"Nataliia","Marchenko","+380791631570","other","Dmytro","Fedorov","+380909383530","DL244072","prefer not to say","Volkswagen Passat","BM 3517 CX-312","Yellow","Luxury","true","Kyiv, Pekarska St, 7","Kyiv, Pekarska St, 150","12.36","SCHEDULED","93.02","2026-02-19","3","Car was uncomfortable"
"Alina","Fedorov","+380806955944","other","Mariia","Bondarenko","+380889770795","DL328883","prefer not to say","Subaru Legacy","AM 1193 AA-313","Orange","Hatchback","true","Odesa, Bandery St, 96","Odesa, Franka St, 120","5.17","FAILED","102.19","2026-03-25","1","Driver was late"
"Svitlana","Zaitsev","+380879869930","other","Yuliia","Sokolova","+380693370387","DL846369","prefer not to say","Nissan Altima","BB 3010 BB-314","Yellow","Hatchback","true","Vinnytsia, Sichovykh Striltsiv St, 28","Vinnytsia, Pekarska St, 99","13.16","COMPLETED","97.99","2026-02-06","3","Terrible service"
"Dmytro","Kravchenko","+380807947356","female","Mariia","Sokolova","+380829043393","DL612610","female","Ford Fusion","BT 8244 HT-315","Brown","Luxury","true","Vinnytsia, Franka St, 56","Vinnytsia, Bandery St, 125","2.91","COMPLETED","25.51","2026-02-08","2","Highly recommend"
"Oksana","Goncharenko","+380655133151","male","Ivan","Marchenko","+380966951281","DL125987","prefer not to say","Toyota Camry","BK 3688 HT-316","Brown","SUV","true","Ternopil, Khmelnitskoho St, 99","Ternopil, Pekarska St, 110","8.97","ACCEPTED","35.21","2026-02-27","4","Terrible service"
"Oleksandr","Zaitsev","+380903826888","female","Yuliia","Kravchenko","+380826818865","DL780579","male","Subaru Legacy","BI 1650 CX-317","White","Hatchback","false","Lviv, Vasylkivska St, 70","Lviv, Naukova St, 57","15.28","REJECTED","32.68","2026-02-24","2","Not recommended"
"Pavlo","Sokolova","+380721706031","other","Dmytro","Tkachenko","+380901072948","DL910540","male","Mazda 6","BO 1083 II-318","Silver","SUV","true","Kyiv, Stryiska St, 42","Kyiv, Horodotska St, 123","2.76","CANCELLED","38.70","2026-03-01","2","Terrible service"
"Andrii","Marchenko","+380697983714","other","Andrii","Khmelyov","+380662707484","DL252704","male","Mercedes-Benz C-Class","AA 8859 BB-319","Brown","Sedan","true","Rivne, Chornovola Ave, 86","Rivne, Chornovola Ave, 73","5.21","CANCELLED","19.55","2026-03-20","2","Not recommended"
"Svitlana","Kravchenko","+380866033817","prefer not to say","Volodymyr","Polishchuk","+380729639316","DL710390","prefer not to say","Tesla Model 3","AX 1688 HT-320","Silver","Hatchback","true","Kyiv, Zelena St, 143","Kyiv, Franka St, 111","1.92","IN_PROGRESS","92.23","2026-02-19","4","Will ride again"
"Nataliia","Marchenko","+380823997573","other","Anna","Sokolova","+380964497134","DL912509","male","Nissan Altima","AP 9260 II-321","Black","Sedan","true","Chernivtsi, Vasylkivska St, 69","Chernivtsi, Franka St, 121","7.86","COMPLETED","85.90","2026-02-24","1","Driver was late"
"Andrii","Zaitsev","+380985300965","other","Alina","Kravchenko","+380753307045","DL857204","prefer not to say","Volkswagen Passat","BT 5315 HT-322","Black","SUV","true","Lutsk, Horodotska St, 46","Lutsk, Pekarska St, 139","12.76","REJECTED","86.65","2026-02-13","5","Polite driver"
"Volodymyr","Khmelyov","+380637718830","other","Oksana","Fedorov","+380671710222","DL319801","female","Kia Optima","AA 2207 BB-323","Black","SUV","true","Zaporizhzhia, Shevchenka St, 92","Zaporizhzhia, Stryiska St, 56","9.05","SCHEDULED","16.50","2026-03-11","5","Excellent service"
"Alina","Tkachenko","+380696559769","prefer not to say","Mykola","Dovzhenko","+380638681504","DL447972","male","Kia Optima","BT 9939 CX-324","Silver","SUV","false","Kharkiv, Sichovykh Striltsiv St, 68","Kharkiv, Pekarska St, 42","13.08","IN_PROGRESS","32.80","2026-01-13","1","Bad smell in cabin"
"Dmytro","Bondarenko","+380866296099","prefer not to say","Nataliia","Polishchuk","+380993010933","DL675134","male","Subaru Legacy","BB 1562 HT-325","Black","Luxury","true","Ivano-Frankivsk, Zelena St, 5","Ivano-Frankivsk, Sichovykh Striltsiv St, 108","10.67","REJECTED","80.54","2026-02-15","4","Terrible service"
"Mykola","Lysenko","+380802809768","other","Alina","Sokolova","+380674880503","DL294266","other","Audi A4","AX 5707 AA-326","Orange","Sedan","true","Kherson, Lychakivska St, 129","Kherson, Zelena St, 90","12.76","REJECTED","104.17","2026-03-12","2","Could be better"
"Dmytro","Dovzhenko","+380723462934","female","Viktor","Hrytsenko","+380724840221","DL728407","male","Volkswagen Passat","AE 7389 BB-327","Red","Hatchback","false","Ivano-Frankivsk, Pekarska St, 72","Ivano-Frankivsk, Naukova St, 133","5.29","REJECTED","106.43","2026-02-15","2","Bad smell in cabin"
"Viktor","Marchenko","+380889802314","male","Kateryna","Fedorov","+380917677524","DL266411","prefer not to say","Kia Optima","BM 8933 II-328","Black","SUV","true","Odesa, Sichovykh Striltsiv St, 24","Odesa, Valova St, 87","3.24","CANCELLED","76.47","2026-01-26","1","Amazing experience"
"Anna","Bondarenko","+380785965629","female","Svitlana","Marchenko","+380784336772","DL781561","prefer not to say","Skoda Octavia","AA 5439 HT-329","White","Hatchback","false","Ternopil, Vasylkivska St, 53","Ternopil, Vasylkivska St, 96","4.87","CANCELLED","100.31","2026-02-02","4","Not recommended"
"Pavlo","Melnyk","+380805452523","prefer not to say","Svitlana","Kravchenko","+380875349777","DL483403","other","Mazda 6","BM 6965 BB-330","Brown","Hatchback","true","Ternopil, Bandery St, 116","Ternopil, Valova St, 75","13.65","FAILED","49.30","2026-02-14","3","Will ride again"
"Ivan","Khmelyov","+380821026770","female","Nataliia","Tkachenko","+380818942086","DL938228","male","Ford Fusion","AA 8315 HT-331","Green","SUV","false","Kherson, Franka St, 16","Kherson, Pekarska St, 142","2.46","FAILED","71.06","2026-02-06","4","Bad smell in cabin"
"Pavlo","Bondarenko","+380665739622","prefer not to say","Anna","Boyko","+380939733814","DL373586","female","Audi A4","AE 5800 HT-332","White","Luxury","true","Ivano-Frankivsk, Vasylkivska St, 104","Ivano-Frankivsk, Shevchenka St, 55","10.65","COMPLETED","74.90","2026-02-15","2","Very clean car"
"Pavlo","Lysenko","+380874650776","female","Viktor","Hrytsenko","+380723919249","DL180182","male","Renault Megane","AB 1008 AA-333","Green","Sedan","true","Kyiv, Zelena St, 70","Kyiv, Horodotska St, 114","4.39","ACCEPTED","101.82","2026-01-19","3","Not recommended"
"Pavlo","Kushnir","+380927786385","female","Oksana","Khmelyov","+380906345940","DL274236","female","BMW 5 Series","BA 5954 BB-334","White","Sedan","true","Kharkiv, Khmelnitskoho St, 82","Kharkiv, Khmelnitskoho St, 74","7.68","PENDING","73.10","2026-03-09","5","Terrible service"
"Kateryna","Zaitsev","+380934697875","other","Dmytro","Melnyk","+380791198681","DL752413","prefer not to say","Kia Optima","AP 6069 CX-335","Orange","Luxury","true","Vinnytsia, Bandery St, 112","Vinnytsia, Naukova St, 99","6.30","ACCEPTED","45.20","2026-01-10","3","Very clean car"
"Nataliia","Shevchenko","+380906290575","other","Serhii","Shevchenko","+380759206548","DL447922","female","Renault Megane","BH 1874 II-336","Black","SUV","true","Kyiv, Sichovykh Striltsiv St, 52","Kyiv, Bandery St, 18","5.94","SCHEDULED","94.98","2026-01-25","3","Excellent service"
"Olena","Bondarenko","+380939309508","prefer not to say","Serhii","Fedorov","+380935243344","DL802329","other","Nissan Altima","BH 3936 CX-337","Brown","Sedan","true","Odesa, Sichovykh Striltsiv St, 4","Odesa, Horodotska St, 145","7.92","COMPLETED","29.90","2026-03-20","2","Very clean car"
"Yevhen","Marchenko","+380921142074","other","Oleksandr","Lysenko","+380878996980","DL902475","other","Tesla Model 3","AX 7524 CX-338","Silver","SUV","true","Uzhhorod, Shevchenka St, 10","Uzhhorod, Franka St, 84","6.16","SCHEDULED","44.78","2026-01-07","5","Driver was late"
"Kateryna","Kushnir","+380742499354","male","Yevhen","Lysenko","+380821500259","DL102460","female","Tesla Model 3","BK 5857 AA-339","White","Hatchback","true","Mykolaiv, Valova St, 29","Mykolaiv, Franka St, 113","5.39","FAILED","35.65","2026-02-08","5","Driver was late"
"Alina","Khmelyov","+380828923676","female","Andrii","Boyko","+380789810405","DL396248","other","Volkswagen Passat","BA 6070 HT-340","Green","Luxury","true","Mykolaiv, Vasylkivska St, 142","Mykolaiv, Horodotska St, 56","9.45","SCHEDULED","76.25","2026-01-16","3","Could be better"
"Alina","Polishchuk","+380856781359","other","Andrii","Shevchenko","+380891996397","DL857595","female","Volkswagen Passat","BC 5243 BB-341","Yellow","Luxury","true","Rivne, Bandery St, 50","Rivne, Chornovola Ave, 131","9.05","IN_PROGRESS","100.76","2026-03-12","3","Highly recommend"
"Anna","Shevchenko","+380963574438","female","Nataliia","Zaitsev","+380718424955","DL230042","prefer not to say","BMW 5 Series","BA 4903 AA-342","Orange","Luxury","false","Ivano-Frankivsk, Khmelnitskoho St, 50","Ivano-Frankivsk, Kulparkivska St, 40","8.03","CANCELLED","36.53","2026-02-25","2","Smooth ride"
"Mariia","Bondarenko","+380659018106","other","Pavlo","Kushnir","+380917136836","DL232659","prefer not to say","Nissan Altima","AM 9952 CX-343","Grey","Luxury","true","Mykolaiv, Pekarska St, 114","Mykolaiv, Shevchenka St, 39","14.34","ACCEPTED","61.84","2026-03-06","5","Smooth ride"
"Mykola","Zaitsev","+380903563519","female","Oleksandr","Goncharenko","+380925215855","DL142998","male","Subaru Legacy","BK 9626 AA-344","Dark Blue","Luxury","true","Rivne, Valova St, 62","Rivne, Valova St, 24","11.95","REJECTED","73.39","2026-03-15","5","Highly recommend"
"Svitlana","Sokolova","+380651063658","female","Oksana","Melnyk","+380805864208","DL444665","other","Honda Accord","BK 6952 II-345","Orange","SUV","false","Kharkiv, Vasylkivska St, 4","Kharkiv, Pekarska St, 64","1.24","CANCELLED","30.61","2026-02-16","2","Amazing experience"
"Anna","Hrytsenko","+380921408923","female","Olena","Polishchuk","+380878337562","DL500407","female","Mazda 6","BK 7906 II-346","Red","Sedan","false","Chernivtsi, Naukova St, 1","Chernivtsi, Chornovola Ave, 84","5.96","FAILED","56.32","2026-01-13","3","Excellent service"
"Yevhen","Lysenko","+380922370560","female","Mariia","Marchenko","+380876494500","DL135116","female","Skoda Octavia","BB 6236 AA-347","Black","SUV","false","Chernivtsi, Kulparkivska St, 124","Chernivtsi, Kulparkivska St, 16","15.97","FAILED","61.06","2026-01-24","4","Driver was rude"
"Oksana","Polishchuk","+380906079988","prefer not to say","Alina","Khmelyov","+380984254177","DL261032","prefer not to say","Kia Optima","AA 8925 CX-348","Yellow","Luxury","true","Dnipro, Valova St, 18","Dnipro, Vasylkivska St, 8","12.46","FAILED","16.18","2026-02-04","4","Driver was rude"
"Viktor","Kushnir","+380691246352","male","Iryna","Sokolova","+380634967885","DL227055","female","Subaru Legacy","BI 9978 CX-349","Silver","Luxury","true","Uzhhorod, Horodotska St, 115","Uzhhorod, Naukova St, 56","2.29","PENDING","78.98","2026-03-02","2","Highly recommend"
"Iryna","Kravchenko","+380961776652","female","Iryna","Sokolova","+380732747714","DL680282","other","Tesla Model 3","AX 2140 HT-350","White","Hatchback","true","Lutsk, Shevchenka St, 104","Lutsk, Shevchenka St, 22","2.78","FAILED","69.37","2026-03-26","2","Could be better"
"Serhii","Tkachenko","+380987364919","female","Kateryna","Tkachenko","+380711763533","DL644479","prefer not to say","Audi A4","AE 3802 BB-351","Orange","Luxury","true","Zaporizhzhia, Shevchenka St, 46","Zaporizhzhia, Chornovola Ave, 64","4.20","IN_PROGRESS","14.74","2026-01-15","2","Not recommended"
"Dmytro","Sokolova","+380708338109","other","Oksana","Hrytsenko","+380928674950","DL893886","female","Ford Fusion","BB 1751 HT-352","Dark Blue","Sedan","true","Rivne, Shevchenka St, 33","Rivne, Vasylkivska St, 93","8.69","SCHEDULED","19.78","2026-03-27","1","Driver was late"
"Olena","Melnyk","+380952267963","female","Pavlo","Kushnir","+380837321615","DL924089","male","Mazda 6","BO 7270 HT-353","Grey","Hatchback","true","Uzhhorod, Horodotska St, 99","Uzhhorod, Kulparkivska St, 20","10.60","IN_PROGRESS","14.57","2026-01-27","3","Excellent service"
"Anna","Fedorov","+380803212892","male","Olena","Boyko","+380697725273","DL267630","female","Volkswagen Passat","BB 8188 CX-354","White","Hatchback","true","Mykolaiv, Naukova St, 38","Mykolaiv, Vasylkivska St, 98","7.51","REJECTED","72.44","2026-03-12","1","Very clean car"
"Svitlana","Hrytsenko","+380862860029","other","Pavlo","Lysenko","+380819626911","DL505514","other","Volkswagen Passat","BK 2517 HT-355","Orange","Luxury","true","Dnipro, Pekarska St, 108","Dnipro, Kulparkivska St, 27","8.75","PENDING","15.87","2026-02-06","4","Could be better"
"Mykola","Bondarenko","+380787480029","prefer not to say","Alina","Sokolova","+380998722413","DL997010","male","Mazda 6","AO 7831 BB-356","Grey","Hatchback","true","Rivne, Lychakivska St, 95","Rivne, Khmelnitskoho St, 48","12.72","SCHEDULED","65.59","2026-01-18","3","Terrible service"
"Andrii","Tkachenko","+380644075659","female","Nataliia","Polishchuk","+380818648906","DL442791","female","Kia Optima","BK 4608 HT-357","Yellow","SUV","true","Chernivtsi, Horodotska St, 54","Chernivtsi, Vasylkivska St, 45","2.81","REJECTED","69.97","2026-03-11","3","Great trip!"
"Yevhen","Dovzhenko","+380632027818","male","Alina","Sokolova","+380676379958","DL386110","prefer not to say","Subaru Legacy","AX 1201 II-358","White","SUV","true","Ternopil, Kulparkivska St, 83","Ternopil, Stryiska St, 100","8.36","REJECTED","62.03","2026-01-18","2","Great trip!"
"Nataliia","Polishchuk","+380812333301","female","Volodymyr","Kovalenko","+380966659625","DL520772","male","Volkswagen Passat","AM 1398 BB-359","Grey","Sedan","true","Lutsk, Sichovykh Striltsiv St, 59","Lutsk, Horodotska St, 35","4.66","ACCEPTED","94.70","2026-02-11","2","Very clean car"
"Iryna","Dovzhenko","+380936854934","other","Dmytro","Polishchuk","+380648452518","DL832838","other","Nissan Altima","AE 8252 AA-360","Grey","Sedan","true","Kharkiv, Franka St, 42","Kharkiv, Horodotska St, 89","6.79","FAILED","85.09","2026-03-04","2","Smooth ride"
"Oksana","Tkachenko","+380828278218","male","Volodymyr","Goncharenko","+380975361794","DL936028","other","Nissan Altima","AO 9451 HT-361","Green","Hatchback","true","Odesa, Chornovola Ave, 146","Odesa, Bandery St, 63","11.82","PENDING","62.27","2026-03-20","2","Very clean car"
"Alina","Melnyk","+380706692205","other","Mykola","Melnyk","+380896807079","DL735906","other","Toyota Camry","AE 1999 HT-362","Yellow","Hatchback","false","Lutsk, Horodotska St, 81","Lutsk, Zelena St, 149","4.94","FAILED","100.11","2026-01-02","5","Could be better"
"Anna","Boyko","+380752158725","other","Viktor","Zaitsev","+380963503933","DL998031","other","Ford Fusion","AX 4487 II-363","Dark Blue","Hatchback","true","Odesa, Vasylkivska St, 127","Odesa, Pekarska St, 108","10.74","CANCELLED","29.30","2026-01-06","4","Smooth ride"
"Mykola","Goncharenko","+380749445928","male","Serhii","Hrytsenko","+380859711592","DL934606","male","Ford Fusion","AE 8959 CX-364","Black","Luxury","true","Ivano-Frankivsk, Naukova St, 38","Ivano-Frankivsk, Chornovola Ave, 92","15.53","FAILED","58.95","2026-03-11","5","Could be better"
"Nataliia","Marchenko","+380956654557","male","Yevhen","Oliinyk","+380868800000","DL567949","male","Renault Megane","AM 5676 BB-365","Green","Sedan","false","Chernivtsi, Vasylkivska St, 58","Chernivtsi, Khmelnitskoho St, 149","1.12","ACCEPTED","103.05","2026-01-13","2","Highly recommend"
"Svitlana","Kushnir","+380748179298","prefer not to say","Nataliia","Hrytsenko","+380687394640","DL889982","prefer not to say","Tesla Model 3","BO 4743 BB-366","Yellow","Sedan","false","Lutsk, Stryiska St, 144","Lutsk, Khmelnitskoho St, 37","15.56","SCHEDULED","27.26","2026-03-12","1","Excellent service"
"Olena","Oliinyk","+380879463444","male","Mykola","Khmelyov","+380719353994","DL188580","other","Honda Accord","AX 4815 II-367","Black","Luxury","true","Odesa, Stryiska St, 79","Odesa, Horodotska St, 13","8.38","CANCELLED","15.38","2026-01-15","1","Car was uncomfortable"
"Mykola","Lysenko","+380676107922","female","Oleksandr","Kushnir","+380888832102","DL342377","prefer not to say","Kia Optima","AX 4838 II-368","Green","Hatchback","true","Odesa, Khmelnitskoho St, 38","Odesa, Zelena St, 96","4.17","IN_PROGRESS","14.32","2026-02-24","4","Amazing experience"
"Yevhen","Marchenko","+380782018279","other","Iryna","Dovzhenko","+380812059262","DL773583","other","Honda Accord","AP 5788 CX-369","Red","Luxury","false","Kyiv, Stryiska St, 113","Kyiv, Lychakivska St, 146","9.73","FAILED","74.06","2026-02-02","4","Could be better"
"Viktor","Shevchenko","+380672981778","female","Yuliia","Shevchenko","+380861743124","DL471234","prefer not to say","Skoda Octavia","BI 1047 AA-370","Grey","Hatchback","true","Uzhhorod, Franka St, 100","Uzhhorod, Vasylkivska St, 112","7.78","PENDING","99.11","2025-12-31","1","Highly recommend"
"Iryna","Boyko","+380856694072","male","Andrii","Zaitsev","+380915488830","DL132451","prefer not to say","Renault Megane","BK 3882 CX-371","Red","SUV","true","Uzhhorod, Pekarska St, 116","Uzhhorod, Valova St, 94","1.50","IN_PROGRESS","87.61","2026-02-01","5","Car was uncomfortable"
"Ivan","Dovzhenko","+380792007359","prefer not to say","Svitlana","Zaitsev","+380902398643","DL122320","female","Ford Fusion","AB 5392 CX-372","Brown","Luxury","true","Zaporizhzhia, Naukova St, 123","Zaporizhzhia, Kulparkivska St, 113","4.86","IN_PROGRESS","59.33","2026-03-18","3","Will ride again"
"Nataliia","Tkachenko","+380883122490","other","Volodymyr","Fedorov","+380862390876","DL407947","male","Volkswagen Passat","AB 5718 HT-373","Grey","Luxury","true","Dnipro, Lychakivska St, 66","Dnipro, Valova St, 96","7.75","FAILED","36.47","2026-01-11","1","Great trip!"
"Serhii","Lysenko","+380921389763","female","Pavlo","Marchenko","+380692872954","DL123981","female","BMW 5 Series","AA 3700 AA-374","Dark Blue","Hatchback","true","Uzhhorod, Kulparkivska St, 105","Uzhhorod, Bandery St, 70","7.25","PENDING","58.29","2026-03-27","4","Driver was rude"
"Andrii","Dovzhenko","+380804547665","other","Oleksandr","Marchenko","+380945066188","DL860655","prefer not to say","Nissan Altima","BI 8707 II-375","Black","Luxury","true","Ternopil, Vasylkivska St, 92","Ternopil, Bandery St, 49","11.27","FAILED","59.45","2026-02-15","3","Very clean car"
"Mykola","Bondarenko","+380928319111","male","Ivan","Tkachenko","+380662584029","DL965782","female","Honda Accord","BC 8620 BB-376","Red","Sedan","true","Kharkiv, Lychakivska St, 63","Kharkiv, Shevchenka St, 2","13.79","FAILED","101.94","2026-02-24","4","Could be better"
"Anna","Fedorov","+380721528695","female","Oleksandr","Bondarenko","+380856071039","DL376132","male","Ford Fusion","BE 9960 HT-377","Silver","Sedan","true","Ternopil, Chornovola Ave, 97","Ternopil, Lychakivska St, 107","1.28","COMPLETED","42.35","2026-03-26","3","Driver was late"
"Serhii","Marchenko","+380653033874","male","Olena","Zaitsev","+380671354834","DL518189","male","Hyundai Sonata","BC 4822 BB-378","Dark Blue","Luxury","true","Zaporizhzhia, Naukova St, 62","Zaporizhzhia, Lychakivska St, 133","6.29","CANCELLED","105.75","2026-03-18","3","Driver was rude"
"Ivan","Kovalenko","+380975232886","prefer not to say","Volodymyr","Sokolova","+380844284230","DL358569","prefer not to say","Ford Fusion","BM 5117 BB-379","Brown","SUV","true","Lutsk, Sichovykh Striltsiv St, 79","Lutsk, Pekarska St, 144","10.85","COMPLETED","57.19","2026-03-20","5","Car was uncomfortable"
"Oleksandr","Kushnir","+380728007681","male","Volodymyr","Boyko","+380709493228","DL492497","male","Volkswagen Passat","BM 2844 AA-380","White","SUV","true","Kyiv, Lychakivska St, 37","Kyiv, Lychakivska St, 49","6.05","SCHEDULED","98.76","2026-01-25","1","Excellent service"
"Andrii","Kravchenko","+380749559066","other","Andrii","Sokolova","+380836190478","DL173577","other","Renault Megane","BK 6338 AA-381","Green","Hatchback","true","Rivne, Lychakivska St, 36","Rivne, Sichovykh Striltsiv St, 48","3.38","CANCELLED","65.04","2025-12-31","4","Terrible service"
"Volodymyr","Kovalenko","+380645372031","female","Yevhen","Kovalenko","+380706887250","DL265626","other","Toyota Camry","AA 4196 HT-382","Grey","Sedan","true","Kyiv, Khmelnitskoho St, 132","Kyiv, Sichovykh Striltsiv St, 48","1.25","SCHEDULED","35.15","2026-02-07","1","Smooth ride"
"Viktor","Polishchuk","+380758932309","male","Ivan","Lysenko","+380709340173","DL287546","other","BMW 5 Series","BC 4105 BB-383","Green","Sedan","true","Rivne, Bandery St, 18","Rivne, Sichovykh Striltsiv St, 114","1.92","CANCELLED","55.40","2026-02-11","3","Great trip!"
"Yevhen","Sokolova","+380664001634","male","Andrii","Tkachenko","+380767470359","DL834250","female","Tesla Model 3","AE 5796 CX-384","Orange","Luxury","false","Kyiv, Sichovykh Striltsiv St, 4","Kyiv, Kulparkivska St, 31","4.85","ACCEPTED","82.22","2026-03-22","5","Car was uncomfortable"
"Oksana","Dovzhenko","+380937730711","female","Viktor","Boyko","+380994946034","DL313952","female","Toyota Camry","BM 9101 BB-385","Dark Blue","Sedan","true","Kyiv, Shevchenka St, 115","Kyiv, Bandery St, 88","11.04","ACCEPTED","21.39","2026-01-17","2","Very clean car"
"Yevhen","Kravchenko","+380943607885","other","Ivan","Kovalenko","+380971781494","DL762918","female","Mazda 6","AP 5971 HT-386","Silver","Sedan","true","Kyiv, Franka St, 5","Kyiv, Naukova St, 24","11.00","SCHEDULED","17.22","2026-02-16","3","Great trip!"
"Andrii","Kovalenko","+380921927741","prefer not to say","Mykola","Khmelyov","+380755636862","DL507010","prefer not to say","Tesla Model 3","BE 1194 AA-387","Dark Blue","Sedan","false","Mykolaiv, Pekarska St, 54","Mykolaiv, Zelena St, 12","15.35","CANCELLED","51.75","2026-02-28","5","Car was uncomfortable"
"Andrii","Melnyk","+380926857952","female","Serhii","Polishchuk","+380885273428","DL482925","male","Toyota Camry","BI 1299 HT-388","Dark Blue","SUV","true","Mykolaiv, Zelena St, 71","Mykolaiv, Bandery St, 141","1.81","COMPLETED","59.31","2026-03-23","5","Will ride again"
"Anna","Goncharenko","+380865169284","female","Serhii","Shevchenko","+380896843816","DL990918","female","Audi A4","AO 2027 BB-389","Red","SUV","true","Rivne, Pekarska St, 22","Rivne, Franka St, 80","15.76","REJECTED","107.19","2026-01-05","5","Amazing experience"
"Volodymyr","Polishchuk","+380799637046","male","Svitlana","Kravchenko","+380709838970","DL160578","female","Hyundai Sonata","BK 3189 CX-390","Dark Blue","Luxury","true","Kharkiv, Zelena St, 117","Kharkiv, Lychakivska St, 67","12.68","PENDING","40.11","2026-03-19","1","Will ride again"
"Olena","Polishchuk","+380766276395","prefer not to say","Nataliia","Sokolova","+380706681531","DL970216","other","Mazda 6","AA 1460 HT-391","Silver","SUV","true","Lviv, Zelena St, 75","Lviv, Zelena St, 11","8.94","ACCEPTED","16.85","2025-12-31","4","Highly recommend"
"Mariia","Boyko","+380921021642","other","Olena","Fedorov","+380786927859","DL887401","prefer not to say","Honda Accord","BE 1762 HT-392","Green","Hatchback","true","Kharkiv, Zelena St, 80","Kharkiv, Stryiska St, 74","9.52","CANCELLED","109.27","2026-01-18","5","Highly recommend"
"Mariia","Kravchenko","+380875323427","male","Kateryna","Khmelyov","+380934968723","DL967978","prefer not to say","BMW 5 Series","AM 4287 AA-393","Red","Sedan","true","Kharkiv, Franka St, 67","Kharkiv, Chornovola Ave, 83","9.66","REJECTED","67.06","2026-03-19","5","Could be better"
"Olena","Hrytsenko","+380708791987","prefer not to say","Iryna","Dovzhenko","+380869032807","DL280229","female","Volkswagen Passat","BT 8384 II-394","Yellow","Luxury","true","Odesa, Stryiska St, 62","Odesa, Franka St, 91","3.58","CANCELLED","17.81","2026-02-25","4","Not recommended"
"Alina","Shevchenko","+380745103841","other","Nataliia","Kushnir","+380658775538","DL512995","prefer not to say","Honda Accord","BH 7103 II-395","Dark Blue","Hatchback","true","Ivano-Frankivsk, Shevchenka St, 115","Ivano-Frankivsk, Pekarska St, 62","14.48","REJECTED","18.77","2026-01-18","1","Amazing experience"
"Yuliia","Khmelyov","+380941127731","female","Oksana","Sokolova","+380762805190","DL497681","female","Toyota Camry","AA 9312 II-396","White","Hatchback","true","Ivano-Frankivsk, Franka St, 82","Ivano-Frankivsk, Shevchenka St, 103","11.25","IN_PROGRESS","10.02","2026-01-06","3","Very clean car"
"Mykola","Lysenko","+380694723649","female","Dmytro","Kushnir","+380905401714","DL276856","other","BMW 5 Series","BI 8757 II-397","Orange","Luxury","true","Kyiv, Chornovola Ave, 6","Kyiv, Bandery St, 58","12.45","REJECTED","96.90","2026-03-06","5","Bad smell in cabin"
"Nataliia","Sokolova","+380885473844","prefer not to say","Oleksandr","Tkachenko","+380668367146","DL804249","male","Hyundai Sonata","AX 5497 II-398","Brown","SUV","true","Odesa, Khmelnitskoho St, 16","Odesa, Chornovola Ave, 43","12.64","PENDING","101.03","2025-12-31","3","Great trip!"
"Yuliia","Tkachenko","+380634856023","prefer not to say","Kateryna","Oliinyk","+380955679870","DL780589","female","Mazda 6","BT 6085 CX-399","Orange","SUV","true","Ivano-Frankivsk, Khmelnitskoho St, 120","Ivano-Frankivsk, Zelena St, 117","6.73","CANCELLED","21.91","2026-02-14","3","Driver was rude"
"Pavlo","Fedorov","+380857787259","prefer not to say","Ivan","Fedorov","+380839171224","DL931106","prefer not to say","Toyota Camry","AM 8293 II-400","Green","SUV","true","Zaporizhzhia, Stryiska St, 59","Zaporizhzhia, Horodotska St, 135","10.08","ACCEPTED","91.08","2026-03-18","2","Bad smell in cabin"
"Volodymyr","Fedorov","+380794914518","other","Yuliia","Kushnir","+380901854350","DL330324","other","Ford Fusion","BT 2244 HT-401","Red","Luxury","false","Lviv, Khmelnitskoho St, 35","Lviv, Bandery St, 124","13.42","CANCELLED","67.22","2026-02-03","1","Very clean car"
"Andrii","Goncharenko","+380678253390","male","Andrii","Fedorov","+380985641696","DL125481","male","Volkswagen Passat","AE 5461 CX-402","White","Hatchback","true","Chernivtsi, Shevchenka St, 89","Chernivtsi, Lychakivska St, 100","1.21","COMPLETED","24.95","2026-01-26","3","Not recommended"
"Olena","Kravchenko","+380821334713","female","Pavlo","Goncharenko","+380733006441","DL555208","male","Hyundai Sonata","BA 3986 AA-403","Dark Blue","Luxury","true","Lutsk, Zelena St, 76","Lutsk, Bandery St, 59","11.18","COMPLETED","79.79","2026-01-26","3","Terrible service"
"Alina","Bondarenko","+380764229198","male","Ivan","Fedorov","+380808361335","DL286274","female","Renault Megane","BE 7227 AA-404","Brown","Luxury","true","Lutsk, Pekarska St, 128","Lutsk, Lychakivska St, 53","12.59","SCHEDULED","86.32","2026-03-15","4","Terrible service"
"Andrii","Polishchuk","+380953019637","other","Nataliia","Kravchenko","+380674318103","DL488646","female","Tesla Model 3","BK 2943 CX-405","Dark Blue","Sedan","true","Lviv, Shevchenka St, 8","Lviv, Kulparkivska St, 69","11.19","CANCELLED","22.60","2026-01-07","4","Amazing experience"
"Iryna","Boyko","+380819012241","female","Olena","Marchenko","+380713753287","DL712382","male","Subaru Legacy","BH 4469 CX-406","Yellow","Hatchback","true","Chernivtsi, Zelena St, 87","Chernivtsi, Naukova St, 142","3.28","ACCEPTED","55.41","2026-01-01","5","Terrible service"
"Mariia","Kushnir","+380896185974","female","Olena","Goncharenko","+380867414090","DL495313","female","Audi A4","BA 5752 CX-407","Brown","SUV","true","Vinnytsia, Kulparkivska St, 28","Vinnytsia, Stryiska St, 22","8.95","CANCELLED","73.66","2026-01-24","3","Very clean car"
"Yuliia","Khmelyov","+380939898327","male","Olena","Boyko","+380641779029","DL267021","male","Mercedes-Benz C-Class","AP 7217 AA-408","Silver","Hatchback","true","Kharkiv, Shevchenka St, 71","Kharkiv, Vasylkivska St, 106","4.25","CANCELLED","37.65","2026-03-21","3","Bad smell in cabin"
"Oksana","Tkachenko","+380979377277","female","Anna","Tkachenko","+380988474228","DL427775","other","Subaru Legacy","BA 1707 AA-409","White","Hatchback","true","Zaporizhzhia, Pekarska St, 141","Zaporizhzhia, Shevchenka St, 96","15.74","COMPLETED","28.69","2026-03-13","4","Amazing experience"
"Oleksandr","Zaitsev","+380844826701","male","Olena","Melnyk","+380677186339","DL186330","prefer not to say","Kia Optima","BI 4512 BB-410","Yellow","SUV","true","Uzhhorod, Kulparkivska St, 36","Uzhhorod, Bandery St, 137","14.06","PENDING","63.15","2026-02-04","5","Driver was late"
"Volodymyr","Lysenko","+380984895345","prefer not to say","Dmytro","Boyko","+380812847276","DL826709","prefer not to say","Kia Optima","AB 6644 II-411","Black","Luxury","true","Mykolaiv, Zelena St, 8","Mykolaiv, Horodotska St, 148","10.98","PENDING","48.27","2026-03-04","1","Will ride again"
"Yevhen","Lysenko","+380712824584","female","Kateryna","Zaitsev","+380816296725","DL722621","male","Kia Optima","BE 9322 CX-412","Dark Blue","Luxury","false","Uzhhorod, Stryiska St, 91","Uzhhorod, Kulparkivska St, 25","1.22","SCHEDULED","105.01","2026-01-10","4","Amazing experience"
"Serhii","Fedorov","+380636574794","female","Yuliia","Polishchuk","+380807202143","DL742710","female","Mercedes-Benz C-Class","BB 4923 CX-413","White","Hatchback","false","Kharkiv, Sichovykh Striltsiv St, 94","Kharkiv, Zelena St, 103","9.97","CANCELLED","90.47","2026-01-03","1","Terrible service"
"Pavlo","Bondarenko","+380646903020","male","Pavlo","Polishchuk","+380821296525","DL864642","other","Subaru Legacy","AP 7359 AA-414","Yellow","Luxury","true","Uzhhorod, Chornovola Ave, 39","Uzhhorod, Sichovykh Striltsiv St, 45","15.43","FAILED","13.92","2026-03-22","3","Not recommended"
"Nataliia","Kravchenko","+380905481228","other","Volodymyr","Boyko","+380937358818","DL408070","prefer not to say","Mazda 6","AO 6840 HT-415","Black","Sedan","true","Rivne, Horodotska St, 27","Rivne, Lychakivska St, 25","8.00","FAILED","56.97","2026-01-19","4","Great trip!"
"Oleksandr","Sokolova","+380889296861","prefer not to say","Nataliia","Kovalenko","+380796812066","DL209254","female","Hyundai Sonata","BC 9658 HT-416","Orange","Hatchback","true","Rivne, Bandery St, 128","Rivne, Naukova St, 40","9.88","SCHEDULED","99.01","2026-02-28","2","Smooth ride"
"Andrii","Oliinyk","+380666982016","prefer not to say","Alina","Bondarenko","+380966594614","DL686218","other","Audi A4","AX 3446 HT-417","Orange","Sedan","true","Kyiv, Chornovola Ave, 149","Kyiv, Vasylkivska St, 118","15.41","CANCELLED","66.11","2026-03-21","2","Great trip!"
"Oksana","Oliinyk","+380887581431","prefer not to say","Olena","Sokolova","+380792391158","DL218130","prefer not to say","BMW 5 Series","AT 5955 BB-418","Dark Blue","Luxury","true","Lviv, Naukova St, 33","Lviv, Bandery St, 132","14.76","PENDING","15.30","2026-02-15","4","Driver was late"
"Volodymyr","Boyko","+380706484757","male","Nataliia","Kravchenko","+380662344839","DL436660","prefer not to say","Hyundai Sonata","BO 9313 HT-419","Yellow","Hatchback","true","Ivano-Frankivsk, Pekarska St, 118","Ivano-Frankivsk, Shevchenka St, 89","3.73","IN_PROGRESS","18.20","2026-01-26","5","Terrible service"
"Oksana","Dovzhenko","+380731274441","prefer not to say","Oksana","Shevchenko","+380702775657","DL198783","other","Subaru Legacy","AM 5004 AA-420","Red","Luxury","false","Chernivtsi, Sichovykh Striltsiv St, 9","Chernivtsi, Stryiska St, 29","12.69","COMPLETED","62.56","2026-02-06","5","Terrible service"
"Mykola","Polishchuk","+380995409919","prefer not to say","Mariia","Dovzhenko","+380652023322","DL527275","other","Hyundai Sonata","AB 2993 AA-421","Brown","SUV","true","Lutsk, Lychakivska St, 19","Lutsk, Valova St, 103","1.20","CANCELLED","35.21","2026-01-27","2","Driver was rude"
"Viktor","Bondarenko","+380797252000","prefer not to say","Olena","Tkachenko","+380869787557","DL386530","other","Tesla Model 3","AT 5208 II-422","Dark Blue","Luxury","true","Kharkiv, Horodotska St, 66","Kharkiv, Kulparkivska St, 62","4.32","FAILED","63.78","2026-01-22","4","Not recommended"
"Olena","Goncharenko","+380774122725","other","Viktor","Fedorov","+380794341575","DL811847","female","Kia Optima","AO 8456 CX-423","Yellow","SUV","true","Kyiv, Chornovola Ave, 107","Kyiv, Lychakivska St, 147","3.88","COMPLETED","89.70","2026-02-24","4","Could be better"
"Mariia","Bondarenko","+380866126934","male","Oleksandr","Boyko","+380856125208","DL502557","prefer not to say","Nissan Altima","AT 7595 II-424","Silver","Hatchback","false","Ternopil, Chornovola Ave, 76","Ternopil, Shevchenka St, 14","7.74","CANCELLED","35.89","2026-01-20","3","Could be better"
"Oleksandr","Khmelyov","+380706060534","prefer not to say","Ivan","Goncharenko","+380662116401","DL374355","male","Kia Optima","BE 3205 AA-425","Red","SUV","false","Ivano-Frankivsk, Lychakivska St, 108","Ivano-Frankivsk, Khmelnitskoho St, 131","4.32","ACCEPTED","50.62","2026-03-07","3","Amazing experience"
"Mykola","Lysenko","+380664133479","prefer not to say","Kateryna","Tkachenko","+380753274733","DL936155","other","Skoda Octavia","AX 4107 II-426","Grey","Luxury","true","Kherson, Sichovykh Striltsiv St, 125","Kherson, Kulparkivska St, 103","10.53","CANCELLED","99.59","2026-03-12","5","Polite driver"
"Iryna","Melnyk","+380737220412","other","Alina","Tkachenko","+380814896140","DL961407","female","Honda Accord","AA 6768 CX-427","White","Luxury","false","Ternopil, Stryiska St, 34","Ternopil, Chornovola Ave, 25","11.81","REJECTED","48.19","2026-02-18","4","Will ride again"
"Mariia","Dovzhenko","+380795914212","female","Mariia","Oliinyk","+380709211780","DL862317","female","Honda Accord","AA 3548 BB-428","Dark Blue","Sedan","true","Kyiv, Stryiska St, 50","Kyiv, Horodotska St, 3","12.10","SCHEDULED","101.98","2026-02-16","1","Highly recommend"
"Oksana","Goncharenko","+380744668798","female","Oleksandr","Boyko","+380936058330","DL503553","other","Nissan Altima","AT 4668 BB-429","Yellow","Sedan","false","Kherson, Kulparkivska St, 101","Kherson, Kulparkivska St, 16","2.28","PENDING","29.35","2026-01-08","4","Smooth ride"
"Serhii","Marchenko","+380928474838","male","Ivan","Lysenko","+380999702469","DL692204","female","Renault Megane","BK 3004 AA-430","Silver","Hatchback","true","Lutsk, Horodotska St, 11","Lutsk, Chornovola Ave, 133","4.82","IN_PROGRESS","14.43","2026-02-16","5","Smooth ride"
"Nataliia","Oliinyk","+380867816223","male","Iryna","Kravchenko","+380823067165","DL455436","prefer not to say","Toyota Camry","BM 6634 BB-431","Green","SUV","true","Uzhhorod, Horodotska St, 65","Uzhhorod, Kulparkivska St, 149","15.34","REJECTED","70.36","2026-01-07","2","Will ride again"
"Oleksandr","Dovzhenko","+380761583947","other","Yuliia","Tkachenko","+380905037394","DL470122","other","Skoda Octavia","AX 5761 CX-432","Brown","Luxury","true","Mykolaiv, Zelena St, 39","Mykolaiv, Khmelnitskoho St, 96","2.00","COMPLETED","32.19","2026-02-07","2","Could be better"
"Yevhen","Shevchenko","+380742554036","prefer not to say","Olena","Marchenko","+380728774891","DL478270","male","Hyundai Sonata","AB 6593 II-433","Orange","SUV","true","Chernivtsi, Valova St, 6","Chernivtsi, Khmelnitskoho St, 14","14.34","PENDING","74.04","2026-02-08","5","Car was uncomfortable"
"Oleksandr","Zaitsev","+380967548653","other","Dmytro","Sokolova","+380697467739","DL221535","female","Toyota Camry","BB 2852 BB-434","Black","Luxury","true","Ternopil, Valova St, 103","Ternopil, Valova St, 139","14.59","COMPLETED","45.13","2026-01-22","3","Could be better"
"Volodymyr","Dovzhenko","+380911190994","female","Olena","Sokolova","+380816687043","DL669351","female","Toyota Camry","BB 3673 BB-435","Grey","Sedan","true","Uzhhorod, Stryiska St, 119","Uzhhorod, Khmelnitskoho St, 110","13.73","SCHEDULED","36.58","2026-01-22","1","Terrible service"
"Oleksandr","Fedorov","+380955400896","female","Svitlana","Tkachenko","+380798189904","DL275989","prefer not to say","Kia Optima","BM 9472 II-436","Grey","Hatchback","true","Kyiv, Zelena St, 26","Kyiv, Khmelnitskoho St, 145","14.29","IN_PROGRESS","12.34","2026-03-07","1","Driver was rude"
"Ivan","Dovzhenko","+380839923121","prefer not to say","Mariia","Polishchuk","+380895397629","DL640057","female","Honda Accord","BC 2310 HT-437","Orange","Hatchback","false","Chernivtsi, Bandery St, 139","Chernivtsi, Bandery St, 46","11.80","REJECTED","23.89","2026-01-17","5","Will ride again"
"Yevhen","Tkachenko","+380994820008","prefer not to say","Iryna","Goncharenko","+380716607789","DL989383","male","Kia Optima","BI 2995 AA-438","Dark Blue","Luxury","false","Uzhhorod, Valova St, 28","Uzhhorod, Franka St, 1","1.17","IN_PROGRESS","49.05","2026-03-25","3","Highly recommend"
"Kateryna","Kravchenko","+380952888786","female","Dmytro","Lysenko","+380935714125","DL158121","prefer not to say","Mercedes-Benz C-Class","BK 9179 HT-439","Red","Luxury","false","Ternopil, Franka St, 5","Ternopil, Zelena St, 23","7.44","PENDING","13.55","2026-01-31","3","Polite driver"
"Ivan","Goncharenko","+380648878083","female","Nataliia","Fedorov","+380981531750","DL503102","prefer not to say","Volkswagen Passat","BO 8956 CX-440","Orange","Sedan","true","Odesa, Shevchenka St, 41","Odesa, Kulparkivska St, 87","7.64","PENDING","105.54","2026-03-23","5","Polite driver"
"Oleksandr","Tkachenko","+380784565528","other","Viktor","Sokolova","+380924468311","DL618399","female","Mercedes-Benz C-Class","AE 6883 HT-441","Grey","SUV","true","Ivano-Frankivsk, Franka St, 17","Ivano-Frankivsk, Chornovola Ave, 53","11.00","REJECTED","74.21","2026-02-03","3","Very clean car"
"Iryna","Lysenko","+380876741424","female","Yuliia","Fedorov","+380878808364","DL370131","other","Ford Fusion","BE 9693 AA-442","Red","SUV","false","Kherson, Bandery St, 30","Kherson, Valova St, 124","1.68","IN_PROGRESS","58.77","2026-02-04","1","Will ride again"
"Viktor","Marchenko","+380992946618","female","Oleksandr","Kushnir","+380803674636","DL291615","female","Toyota Camry","BM 4699 II-443","Dark Blue","Hatchback","false","Rivne, Vasylkivska St, 37","Rivne, Lychakivska St, 149","4.02","PENDING","58.99","2026-03-24","4","Driver was rude"
"Olena","Kushnir","+380914223108","male","Nataliia","Melnyk","+380745530159","DL936660","other","Subaru Legacy","BT 4102 CX-444","Yellow","Luxury","true","Chernivtsi, Lychakivska St, 60","Chernivtsi, Valova St, 29","11.18","COMPLETED","23.29","2026-03-06","2","Driver was late"
"Olena","Marchenko","+380833076314","male","Anna","Zaitsev","+380955290724","DL336438","other","Ford Fusion","BC 3238 AA-445","Black","Luxury","true","Uzhhorod, Naukova St, 47","Uzhhorod, Bandery St, 123","1.82","COMPLETED","76.02","2026-02-13","2","Will ride again"
"Anna","Kravchenko","+380909831102","female","Andrii","Dovzhenko","+380631306775","DL716985","other","Skoda Octavia","AM 5232 BB-446","Brown","Hatchback","true","Lutsk, Horodotska St, 85","Lutsk, Vasylkivska St, 64","11.81","COMPLETED","23.15","2026-02-15","1","Great trip!"
"Serhii","Khmelyov","+380704081108","prefer not to say","Iryna","Shevchenko","+380646280560","DL817398","male","Renault Megane","AB 4551 AA-447","Yellow","Sedan","false","Ternopil, Horodotska St, 47","Ternopil, Horodotska St, 111","4.19","REJECTED","85.48","2026-01-19","2","Amazing experience"
"Andrii","Hrytsenko","+380887012358","male","Mykola","Khmelyov","+380839168436","DL130541","prefer not to say","Nissan Altima","AM 6217 II-448","Red","Luxury","true","Kyiv, Valova St, 28","Kyiv, Bandery St, 105","5.14","FAILED","14.18","2026-01-16","1","Great trip!"
"Ivan","Zaitsev","+380635915353","male","Yevhen","Oliinyk","+380756543505","DL249221","other","Hyundai Sonata","BC 1522 AA-449","Yellow","Luxury","true","Uzhhorod, Stryiska St, 74","Uzhhorod, Lychakivska St, 142","1.22","FAILED","40.60","2026-03-10","3","Smooth ride"
"Alina","Khmelyov","+380869892922","other","Volodymyr","Lysenko","+380846758851","DL233171","other","Tesla Model 3","BC 2357 BB-450","Black","Luxury","false","Ivano-Frankivsk, Khmelnitskoho St, 96","Ivano-Frankivsk, Shevchenka St, 70","3.67","ACCEPTED","53.87","2026-03-11","3","Driver was rude"
"Alina","Hrytsenko","+380838787247","other","Andrii","Zaitsev","+380811370865","DL248651","other","Nissan Altima","AM 2639 AA-451","Dark Blue","Sedan","true","Uzhhorod, Naukova St, 143","Uzhhorod, Bandery St, 32","1.88","ACCEPTED","29.77","2026-01-03","5","Highly recommend"
"Svitlana","Dovzhenko","+380849813731","prefer not to say","Ivan","Bondarenko","+380851308959","DL390607","other","Tesla Model 3","AT 2195 HT-452","Silver","SUV","true","Lutsk, Kulparkivska St, 107","Lutsk, Naukova St, 78","10.93","ACCEPTED","93.46","2026-01-23","2","Driver was late"
"Volodymyr","Dovzhenko","+380804923629","other","Kateryna","Fedorov","+380896958447","DL582380","male","Subaru Legacy","AX 9948 AA-453","Grey","SUV","false","Ternopil, Stryiska St, 134","Ternopil, Shevchenka St, 14","2.94","COMPLETED","14.03","2026-02-12","5","Not recommended"
"Viktor","Sokolova","+380817340495","prefer not to say","Volodymyr","Kovalenko","+380721229004","DL279640","female","Hyundai Sonata","AM 2621 BB-454","Yellow","SUV","true","Kharkiv, Bandery St, 146","Kharkiv, Stryiska St, 134","8.89","CANCELLED","41.35","2026-03-25","3","Excellent service"
"Oleksandr","Marchenko","+380995400378","female","Nataliia","Sokolova","+380843565386","DL416491","male","Toyota Camry","BB 7074 AA-455","Orange","Sedan","false","Zaporizhzhia, Pekarska St, 34","Zaporizhzhia, Khmelnitskoho St, 118","7.25","REJECTED","70.36","2026-03-02","5","Amazing experience"
"Yevhen","Melnyk","+380951817839","female","Volodymyr","Marchenko","+380971127441","DL680904","female","Mercedes-Benz C-Class","BC 2145 CX-456","Orange","SUV","false","Zaporizhzhia, Lychakivska St, 37","Zaporizhzhia, Shevchenka St, 1","6.60","IN_PROGRESS","108.16","2026-02-03","1","Will ride again"
"Ivan","Melnyk","+380658931162","male","Serhii","Goncharenko","+380757911599","DL170883","male","Volkswagen Passat","BK 4379 BB-457","Green","Hatchback","true","Kyiv, Valova St, 21","Kyiv, Naukova St, 33","12.42","COMPLETED","95.70","2026-02-16","4","Excellent service"
"Svitlana","Dovzhenko","+380834243888","other","Anna","Kravchenko","+380802155192","DL649319","prefer not to say","Tesla Model 3","BT 3937 BB-458","Dark Blue","Luxury","true","Kherson, Bandery St, 94","Kherson, Shevchenka St, 124","10.31","PENDING","38.69","2026-03-04","3","Not recommended"
"Andrii","Sokolova","+380879885463","prefer not to say","Olena","Hrytsenko","+380788166383","DL839494","prefer not to say","Tesla Model 3","AO 2360 AA-459","Black","Sedan","true","Ternopil, Franka St, 67","Ternopil, Chornovola Ave, 25","3.35","COMPLETED","12.56","2025-12-31","4","Great trip!"
"Iryna","Khmelyov","+380768752413","male","Nataliia","Sokolova","+380961858743","DL117533","prefer not to say","Mazda 6","BB 6707 HT-460","Orange","SUV","false","Vinnytsia, Horodotska St, 124","Vinnytsia, Pekarska St, 36","11.26","FAILED","93.23","2026-01-03","3","Very clean car"
"Dmytro","Hrytsenko","+380862075064","male","Svitlana","Kushnir","+380838633451","DL294099","other","Kia Optima","AP 3893 AA-461","Grey","Sedan","true","Mykolaiv, Kulparkivska St, 107","Mykolaiv, Stryiska St, 76","5.06","SCHEDULED","56.48","2026-02-04","2","Excellent service"
"Viktor","Kovalenko","+380983459626","female","Pavlo","Tkachenko","+380889844753","DL739496","male","Hyundai Sonata","AO 3417 II-462","Brown","SUV","true","Mykolaiv, Naukova St, 125","Mykolaiv, Lychakivska St, 107","3.02","PENDING","88.20","2026-01-04","5","Great trip!"
"Mariia","Kravchenko","+380868677619","female","Nataliia","Melnyk","+380784857299","DL707116","other","Audi A4","BC 8354 AA-463","Black","Hatchback","false","Ternopil, Lychakivska St, 9","Ternopil, Bandery St, 110","11.53","PENDING","109.55","2026-01-24","1","Not recommended"
"Kateryna","Marchenko","+380916020506","male","Iryna","Hrytsenko","+380767825717","DL403379","prefer not to say","Honda Accord","BE 8273 II-464","Black","Hatchback","true","Odesa, Stryiska St, 92","Odesa, Vasylkivska St, 142","13.08","COMPLETED","34.82","2026-01-14","5","Terrible service"
"Serhii","Hrytsenko","+380845547414","prefer not to say","Alina","Kovalenko","+380634325154","DL281486","male","Kia Optima","AX 5431 AA-465","White","Sedan","false","Ternopil, Pekarska St, 86","Ternopil, Vasylkivska St, 12","14.45","SCHEDULED","61.22","2026-02-27","4","Great trip!"
"Serhii","Lysenko","+380675590382","prefer not to say","Kateryna","Tkachenko","+380807809696","DL215358","male","Tesla Model 3","AM 3265 HT-466","Yellow","Hatchback","true","Vinnytsia, Pekarska St, 30","Vinnytsia, Horodotska St, 98","8.14","REJECTED","78.36","2026-03-17","5","Excellent service"
"Serhii","Lysenko","+380717575484","male","Serhii","Zaitsev","+380697693979","DL364357","other","Toyota Camry","BI 5944 AA-467","Brown","Hatchback","true","Ivano-Frankivsk, Sichovykh Striltsiv St, 50","Ivano-Frankivsk, Pekarska St, 104","7.30","PENDING","37.40","2026-02-07","4","Could be better"
"Nataliia","Tkachenko","+380875739067","prefer not to say","Olena","Boyko","+380784854240","DL478499","other","Hyundai Sonata","BB 6007 HT-468","Dark Blue","Luxury","true","Vinnytsia, Khmelnitskoho St, 58","Vinnytsia, Valova St, 89","8.87","FAILED","108.18","2026-01-24","1","Terrible service"
"Ivan","Shevchenko","+380944884974","female","Olena","Shevchenko","+380811947913","DL151418","prefer not to say","Skoda Octavia","AT 8684 II-469","Red","Luxury","true","Lutsk, Shevchenka St, 96","Lutsk, Lychakivska St, 44","13.34","CANCELLED","70.16","2026-01-24","4","Great trip!"
"Ivan","Oliinyk","+380695878514","male","Dmytro","Kovalenko","+380651584984","DL598343","male","Renault Megane","BC 9786 CX-470","Green","Hatchback","true","Lutsk, Valova St, 23","Lutsk, Valova St, 142","12.27","SCHEDULED","106.01","2026-02-12","5","Very clean car"
"Nataliia","Sokolova","+380906477974","other","Kateryna","Melnyk","+380978180230","DL827636","female","Nissan Altima","AX 4778 II-471","Green","Hatchback","true","Ivano-Frankivsk, Pekarska St, 99","Ivano-Frankivsk, Bandery St, 101","4.64","REJECTED","62.98","2026-02-05","1","Driver was late"
"Oleksandr","Hrytsenko","+380937588098","other","Viktor","Goncharenko","+380928245668","DL386756","other","BMW 5 Series","AA 7816 CX-472","Grey","Sedan","true","Chernivtsi, Horodotska St, 47","Chernivtsi, Kulparkivska St, 20","3.42","COMPLETED","54.35","2026-01-08","1","Highly recommend"
"Volodymyr","Kovalenko","+380761852677","male","Olena","Tkachenko","+380834553979","DL912114","prefer not to say","BMW 5 Series","BA 6992 HT-473","Green","SUV","true","Lviv, Chornovola Ave, 125","Lviv, Franka St, 45","4.42","ACCEPTED","35.38","2026-02-22","2","Could be better"
"Anna","Kravchenko","+380949714575","other","Svitlana","Tkachenko","+380754729041","DL271744","male","Audi A4","AA 1169 CX-474","White","Sedan","true","Zaporizhzhia, Pekarska St, 40","Zaporizhzhia, Horodotska St, 64","6.29","ACCEPTED","51.60","2026-01-10","1","Amazing experience"
"Oksana","Dovzhenko","+380753126633","other","Anna","Bondarenko","+380652417288","DL151525","male","Nissan Altima","BE 3187 BB-475","Black","SUV","true","Rivne, Franka St, 89","Rivne, Stryiska St, 69","6.63","COMPLETED","87.73","2026-02-02","5","Not recommended"
"Iryna","Sokolova","+380674609896","prefer not to say","Anna","Goncharenko","+380684574006","DL246719","prefer not to say","Hyundai Sonata","AB 2774 AA-476","White","Hatchback","false","Kherson, Zelena St, 90","Kherson, Naukova St, 122","6.03","PENDING","73.27","2026-02-18","4","Will ride again"
"Olena","Dovzhenko","+380868683441","prefer not to say","Olena","Tkachenko","+380977423308","DL642362","male","Mazda 6","AM 3324 II-477","Silver","Luxury","true","Lutsk, Shevchenka St, 107","Lutsk, Valova St, 93","9.90","IN_PROGRESS","56.16","2026-02-27","1","Great trip!"
"Viktor","Goncharenko","+380839469736","female","Nataliia","Polishchuk","+380644494634","DL522942","female","Ford Fusion","AM 3108 AA-478","Red","Hatchback","true","Kharkiv, Chornovola Ave, 30","Kharkiv, Lychakivska St, 90","15.92","FAILED","95.46","2026-02-03","4","Smooth ride"
"Yevhen","Dovzhenko","+380751956978","female","Oksana","Shevchenko","+380675698226","DL884318","prefer not to say","Kia Optima","AP 7991 HT-479","Orange","Hatchback","true","Zaporizhzhia, Vasylkivska St, 121","Zaporizhzhia, Khmelnitskoho St, 134","2.32","IN_PROGRESS","19.17","2026-02-14","5","Very clean car"
"Oksana","Khmelyov","+380718796234","male","Mariia","Goncharenko","+380825615279","DL556279","female","Mercedes-Benz C-Class","BH 1398 AA-480","White","Luxury","true","Mykolaiv, Horodotska St, 52","Mykolaiv, Bandery St, 50","15.26","IN_PROGRESS","23.98","2026-03-18","1","Car was uncomfortable"
"Mykola","Zaitsev","+380769442301","male","Andrii","Kovalenko","+380969255375","DL925398","other","BMW 5 Series","AM 6974 HT-481","Green","Sedan","true","Lviv, Bandery St, 90","Lviv, Horodotska St, 118","5.70","IN_PROGRESS","34.33","2026-02-13","1","Smooth ride"
"Nataliia","Boyko","+380818807798","female","Yevhen","Kravchenko","+380967046613","DL240498","prefer not to say","Kia Optima","BH 7602 II-482","Grey","Hatchback","false","Mykolaiv, Zelena St, 2","Mykolaiv, Shevchenka St, 59","14.35","REJECTED","70.01","2026-03-01","1","Driver was rude"
"Andrii","Shevchenko","+380938229937","other","Ivan","Sokolova","+380922932418","DL296956","other","Mazda 6","BO 2214 AA-483","Grey","Luxury","true","Dnipro, Chornovola Ave, 68","Dnipro, Bandery St, 28","2.02","COMPLETED","99.90","2026-01-26","1","Will ride again"
"Andrii","Zaitsev","+380699720111","male","Yevhen","Hrytsenko","+380798463017","DL625585","male","Audi A4","BE 1393 HT-484","Red","Hatchback","true","Lviv, Stryiska St, 36","Lviv, Stryiska St, 149","9.10","REJECTED","59.96","2026-01-17","3","Great trip!"
"Oksana","Melnyk","+380943988615","female","Pavlo","Kravchenko","+380781638437","DL481614","other","Subaru Legacy","BO 2672 CX-485","Red","Luxury","true","Odesa, Shevchenka St, 14","Odesa, Pekarska St, 9","6.65","COMPLETED","20.07","2026-01-13","3","Not recommended"
"Oleksandr","Dovzhenko","+380651897373","other","Alina","Kovalenko","+380811415583","DL230322","female","Subaru Legacy","AM 2703 II-486","Red","Luxury","true","Chernivtsi, Zelena St, 124","Chernivtsi, Franka St, 61","6.65","IN_PROGRESS","19.09","2026-03-20","3","Car was uncomfortable"
"Andrii","Khmelyov","+380737190947","prefer not to say","Ivan","Fedorov","+380882881943","DL934769","other","Volkswagen Passat","AP 9754 HT-487","Green","Luxury","true","Kyiv, Sichovykh Striltsiv St, 79","Kyiv, Franka St, 137","3.47","SCHEDULED","12.75","2026-01-07","5","Amazing experience"
"Yuliia","Khmelyov","+380754943024","male","Alina","Sokolova","+380674656343","DL417540","female","Tesla Model 3","AT 6023 CX-488","Red","SUV","true","Mykolaiv, Chornovola Ave, 2","Mykolaiv, Pekarska St, 57","10.25","COMPLETED","107.82","2026-03-03","3","Driver was rude"
"Oleksandr","Oliinyk","+380889516970","prefer not to say","Mykola","Oliinyk","+380906420689","DL306210","prefer not to say","Renault Megane","BM 4782 BB-489","White","SUV","true","Odesa, Shevchenka St, 55","Odesa, Chornovola Ave, 11","9.71","IN_PROGRESS","22.53","2026-02-27","5","Very clean car"
"Olena","Oliinyk","+380757250695","prefer not to say","Kateryna","Khmelyov","+380832187308","DL814330","female","Nissan Altima","AE 9005 AA-490","Orange","Sedan","true","Kharkiv, Franka St, 120","Kharkiv, Valova St, 120","9.36","ACCEPTED","27.87","2026-02-05","3","Not recommended"
"Mykola","Boyko","+380725671051","male","Iryna","Kushnir","+380721698544","DL465232","female","Volkswagen Passat","AO 9175 HT-491","Brown","Sedan","false","Lutsk, Kulparkivska St, 92","Lutsk, Vasylkivska St, 63","11.09","COMPLETED","64.06","2026-03-08","4","Could be better"
"Viktor","Polishchuk","+380638344426","other","Pavlo","Hrytsenko","+380867163781","DL253501","other","Subaru Legacy","BK 6759 HT-492","Orange","Hatchback","true","Kharkiv, Shevchenka St, 114","Kharkiv, Vasylkivska St, 121","7.94","FAILED","76.09","2026-03-05","5","Will ride again"
"Mykola","Kravchenko","+380712169946","prefer not to say","Oksana","Shevchenko","+380712556275","DL889799","other","Renault Megane","BE 2940 II-493","Green","Sedan","true","Lutsk, Sichovykh Striltsiv St, 23","Lutsk, Lychakivska St, 77","15.44","SCHEDULED","94.21","2026-01-20","4","Terrible service"
"Svitlana","Dovzhenko","+380932873669","other","Andrii","Oliinyk","+380742477420","DL350595","male","Audi A4","BH 6689 CX-494","Brown","Hatchback","true","Zaporizhzhia, Horodotska St, 8","Zaporizhzhia, Stryiska St, 118","3.45","ACCEPTED","81.95","2026-01-21","5","Car was uncomfortable"
"Olena","Boyko","+380685488583","female","Dmytro","Goncharenko","+380874644916","DL447484","female","Tesla Model 3","AT 8150 BB-495","Yellow","SUV","true","Lviv, Bandery St, 51","Lviv, Valova St, 49","3.30","PENDING","25.25","2026-01-02","1","Great trip!"
"Dmytro","Hrytsenko","+380729680509","other","Ivan","Sokolova","+380655852883","DL515902","prefer not to say","Mercedes-Benz C-Class","AP 5688 CX-496","Orange","SUV","true","Ternopil, Kulparkivska St, 118","Ternopil, Valova St, 42","15.42","ACCEPTED","81.14","2026-01-22","4","Bad smell in cabin"
"Nataliia","Melnyk","+380802273593","female","Mariia","Kovalenko","+380948359556","DL722458","other","BMW 5 Series","BM 5494 AA-497","Red","Hatchback","true","Kharkiv, Naukova St, 9","Kharkiv, Pekarska St, 91","2.96","CANCELLED","87.43","2026-01-17","1","Driver was late"
"Mariia","Khmelyov","+380765350643","prefer not to say","Viktor","Kushnir","+380811367810","DL644409","other","Volkswagen Passat","BM 3538 HT-498","Silver","Luxury","true","Ivano-Frankivsk, Vasylkivska St, 111","Ivano-Frankivsk, Horodotska St, 135","9.80","COMPLETED","48.45","2026-03-24","3","Will ride again"
"Alina","Lysenko","+380709729300","other","Viktor","Kovalenko","+380846955269","DL369470","male","Renault Megane","AB 4810 AA-499","Silver","Luxury","true","Kharkiv, Horodotska St, 95","Kharkiv, Zelena St, 115","10.84","PENDING","32.45","2026-03-13","1","Very clean car"
"Nataliia","Marchenko","+380787314328","other","Olena","Boyko","+380759850150","DL225823","prefer not to say","Toyota Camry","BH 3530 HT-500","Brown","Luxury","false","Chernivtsi, Khmelnitskoho St, 58","Chernivtsi, Vasylkivska St, 102","1.23","REJECTED","62.63","2026-03-10","2","Bad smell in cabin"
"Svitlana","Lysenko","+380895235448","male","Olena","Kushnir","+380901791357","DL691896","other","Renault Megane","BM 4377 CX-501","Orange","Hatchback","true","Zaporizhzhia, Sichovykh Striltsiv St, 119","Zaporizhzhia, Horodotska St, 56","15.62","REJECTED","35.20","2026-02-12","3","Polite driver"
"Yuliia","Bondarenko","+380799808036","prefer not to say","Oksana","Marchenko","+380855222208","DL229914","male","Volkswagen Passat","AE 3681 II-502","Brown","Hatchback","true","Ivano-Frankivsk, Khmelnitskoho St, 41","Ivano-Frankivsk, Pekarska St, 3","11.54","REJECTED","26.85","2026-01-20","2","Very clean car"
"Olena","Tkachenko","+380756958965","prefer not to say","Volodymyr","Sokolova","+380822651352","DL510099","male","Nissan Altima","AA 5497 BB-503","Green","Luxury","true","Zaporizhzhia, Stryiska St, 72","Zaporizhzhia, Lychakivska St, 64","7.81","COMPLETED","87.98","2026-01-19","1","Car was uncomfortable"
"Oksana","Boyko","+380926510249","prefer not to say","Volodymyr","Oliinyk","+380749316457","DL218777","prefer not to say","Tesla Model 3","BO 1561 BB-504","Brown","Luxury","true","Lutsk, Shevchenka St, 20","Lutsk, Shevchenka St, 124","5.78","CANCELLED","20.15","2026-03-20","1","Driver was rude"
"Volodymyr","Hrytsenko","+380778550497","prefer not to say","Serhii","Boyko","+380798314736","DL605488","other","Nissan Altima","AE 3041 AA-505","Red","SUV","false","Dnipro, Vasylkivska St, 45","Dnipro, Sichovykh Striltsiv St, 76","7.70","FAILED","76.12","2026-02-24","4","Polite driver"
"Kateryna","Shevchenko","+380903488085","female","Mykola","Kovalenko","+380664002683","DL617637","female","Mercedes-Benz C-Class","AB 4816 II-506","White","Sedan","true","Mykolaiv, Chornovola Ave, 139","Mykolaiv, Zelena St, 29","8.64","ACCEPTED","50.50","2026-02-20","3","Not recommended"
"Mykola","Kravchenko","+380746476323","other","Volodymyr","Hrytsenko","+380934342044","DL252207","female","Toyota Camry","BT 3730 BB-507","Black","Hatchback","true","Odesa, Chornovola Ave, 42","Odesa, Lychakivska St, 39","15.39","IN_PROGRESS","101.09","2026-01-04","5","Bad smell in cabin"
"Pavlo","Goncharenko","+380736504206","male","Ivan","Kravchenko","+380978243405","DL487358","female","Hyundai Sonata","BH 5024 BB-508","Green","Hatchback","true","Mykolaiv, Lychakivska St, 121","Mykolaiv, Stryiska St, 62","2.55","PENDING","51.99","2026-01-15","4","Terrible service"
"Serhii","Tkachenko","+380906992247","prefer not to say","Iryna","Hrytsenko","+380719694455","DL684530","other","BMW 5 Series","AP 9729 II-509","Brown","Sedan","true","Lutsk, Pekarska St, 56","Lutsk, Vasylkivska St, 113","15.76","FAILED","64.91","2026-02-04","1","Driver was rude"
"Viktor","Shevchenko","+380932225702","male","Kateryna","Kovalenko","+380953305853","DL208344","other","Honda Accord","BC 4116 BB-510","Dark Blue","Luxury","true","Ivano-Frankivsk, Vasylkivska St, 72","Ivano-Frankivsk, Vasylkivska St, 47","14.57","CANCELLED","78.28","2026-02-01","4","Driver was rude"
"Yuliia","Melnyk","+380643458725","prefer not to say","Mykola","Khmelyov","+380808316069","DL519451","prefer not to say","Audi A4","BO 1710 CX-511","Dark Blue","Sedan","true","Uzhhorod, Franka St, 90","Uzhhorod, Bandery St, 117","9.66","ACCEPTED","37.45","2026-01-01","5","Driver was late"
"Mykola","Kovalenko","+380877747261","female","Yevhen","Goncharenko","+380819298892","DL112328","prefer not to say","Renault Megane","AM 1015 CX-512","Yellow","SUV","true","Uzhhorod, Sichovykh Striltsiv St, 127","Uzhhorod, Sichovykh Striltsiv St, 86","6.40","IN_PROGRESS","26.63","2026-01-14","4","Very clean car"
"Mykola","Polishchuk","+380959013457","male","Yuliia","Dovzhenko","+380725189853","DL300067","other","Subaru Legacy","AO 1073 II-513","Brown","Luxury","true","Vinnytsia, Khmelnitskoho St, 86","Vinnytsia, Sichovykh Striltsiv St, 56","2.43","ACCEPTED","45.16","2026-01-06","5","Bad smell in cabin"
"Volodymyr","Boyko","+380844108168","female","Kateryna","Shevchenko","+380956616859","DL844184","other","Hyundai Sonata","AX 1141 II-514","Yellow","Sedan","false","Uzhhorod, Naukova St, 74","Uzhhorod, Bandery St, 91","1.34","COMPLETED","65.89","2026-01-16","5","Excellent service"
"Oksana","Hrytsenko","+380822482155","prefer not to say","Volodymyr","Boyko","+380854741714","DL151075","other","Volkswagen Passat","AP 7376 BB-515","Red","SUV","true","Lviv, Valova St, 44","Lviv, Khmelnitskoho St, 53","10.71","IN_PROGRESS","58.80","2026-03-07","3","Car was uncomfortable"
"Mariia","Boyko","+380992640030","other","Serhii","Kushnir","+380931984800","DL869403","male","Nissan Altima","AT 2009 II-516","Yellow","Luxury","false","Zaporizhzhia, Vasylkivska St, 119","Zaporizhzhia, Vasylkivska St, 148","14.33","PENDING","36.44","2026-03-15","2","Smooth ride"
"Ivan","Khmelyov","+380775557180","prefer not to say","Oksana","Boyko","+380832928756","DL599593","prefer not to say","Renault Megane","BC 8312 II-517","Brown","Sedan","false","Rivne, Naukova St, 42","Rivne, Lychakivska St, 120","4.58","IN_PROGRESS","102.17","2026-02-15","5","Driver was late"
"Ivan","Kravchenko","+380671460900","other","Volodymyr","Kovalenko","+380668599478","DL119024","other","Toyota Camry","BT 9995 BB-518","Red","Hatchback","false","Uzhhorod, Vasylkivska St, 34","Uzhhorod, Kulparkivska St, 136","13.09","SCHEDULED","31.23","2026-01-08","1","Terrible service"
"Viktor","Shevchenko","+380722966000","male","Ivan","Kravchenko","+380916425430","DL922384","female","Kia Optima","BO 6270 BB-519","Brown","Sedan","false","Dnipro, Sichovykh Striltsiv St, 10","Dnipro, Khmelnitskoho St, 69","8.98","PENDING","32.51","2026-01-06","5","Could be better"
"Ivan","Hrytsenko","+380766457881","prefer not to say","Viktor","Hrytsenko","+380657450495","DL400772","male","Toyota Camry","AM 8957 HT-520","Grey","Sedan","true","Vinnytsia, Kulparkivska St, 26","Vinnytsia, Sichovykh Striltsiv St, 102","9.82","ACCEPTED","41.98","2026-02-22","4","Car was uncomfortable"
"Alina","Goncharenko","+380797415721","other","Ivan","Oliinyk","+380881699469","DL612157","prefer not to say","Renault Megane","AO 4732 AA-521","Dark Blue","Hatchback","true","Kharkiv, Vasylkivska St, 91","Kharkiv, Bandery St, 8","12.82","PENDING","82.60","2026-02-27","2","Not recommended"
"Viktor","Kushnir","+380887032305","male","Mykola","Lysenko","+380769480432","DL617788","male","Mercedes-Benz C-Class","AO 3545 AA-522","Dark Blue","Luxury","true","Vinnytsia, Khmelnitskoho St, 27","Vinnytsia, Shevchenka St, 101","6.36","COMPLETED","86.17","2026-01-06","4","Car was uncomfortable"
"Yuliia","Dovzhenko","+380926304745","prefer not to say","Svitlana","Bondarenko","+380863741855","DL576617","other","Toyota Camry","BT 4012 AA-523","Yellow","Hatchback","true","Ternopil, Bandery St, 31","Ternopil, Kulparkivska St, 137","11.17","COMPLETED","85.38","2026-02-20","2","Driver was late"
"Anna","Boyko","+380958595785","male","Yuliia","Boyko","+380686193903","DL265364","female","BMW 5 Series","AM 5394 CX-524","Orange","Luxury","true","Mykolaiv, Chornovola Ave, 63","Mykolaiv, Naukova St, 131","11.72","PENDING","31.87","2026-03-18","1","Will ride again"
"Mykola","Marchenko","+380663060467","other","Mariia","Kravchenko","+380859353517","DL335165","other","Hyundai Sonata","AX 6551 HT-525","Grey","Sedan","true","Kharkiv, Pekarska St, 72","Kharkiv, Vasylkivska St, 76","2.90","CANCELLED","27.15","2026-01-03","1","Car was uncomfortable"
"Mariia","Lysenko","+380962771219","male","Viktor","Goncharenko","+380926712266","DL995865","prefer not to say","Ford Fusion","BO 6230 HT-526","Silver","Hatchback","true","Vinnytsia, Lychakivska St, 126","Vinnytsia, Chornovola Ave, 46","7.20","ACCEPTED","82.65","2026-03-15","3","Not recommended"
"Volodymyr","Sokolova","+380738902511","female","Iryna","Fedorov","+380958582262","DL581717","female","Mazda 6","BE 5496 BB-527","Black","Luxury","false","Kyiv, Chornovola Ave, 110","Kyiv, Stryiska St, 99","2.48","FAILED","45.02","2026-02-28","2","Will ride again"
"Nataliia","Kushnir","+380747756604","prefer not to say","Kateryna","Shevchenko","+380641441331","DL650088","other","Ford Fusion","AT 5569 II-528","Green","Sedan","false","Mykolaiv, Stryiska St, 55","Mykolaiv, Kulparkivska St, 141","15.85","ACCEPTED","33.15","2026-03-06","4","Not recommended"
"Ivan","Boyko","+380912490108","female","Olena","Bondarenko","+380742544805","DL498175","female","Hyundai Sonata","BM 6694 CX-529","Black","Hatchback","true","Ivano-Frankivsk, Khmelnitskoho St, 93","Ivano-Frankivsk, Vasylkivska St, 16","8.04","SCHEDULED","81.05","2026-02-24","5","Smooth ride"
"Olena","Melnyk","+380669390709","female","Yuliia","Kravchenko","+380982391088","DL904279","prefer not to say","Tesla Model 3","BK 2138 CX-530","Brown","Luxury","true","Vinnytsia, Zelena St, 60","Vinnytsia, Chornovola Ave, 80","4.11","SCHEDULED","20.58","2026-03-27","3","Bad smell in cabin"
"Volodymyr","Kovalenko","+380637693397","prefer not to say","Kateryna","Khmelyov","+380745711331","DL614213","other","BMW 5 Series","BT 9533 CX-531","Orange","Sedan","true","Uzhhorod, Zelena St, 130","Uzhhorod, Khmelnitskoho St, 127","12.19","CANCELLED","82.73","2026-02-12","1","Amazing experience"
"Oleksandr","Dovzhenko","+380849770032","male","Serhii","Marchenko","+380703662974","DL433777","other","Mercedes-Benz C-Class","BC 5912 BB-532","White","SUV","true","Vinnytsia, Shevchenka St, 85","Vinnytsia, Stryiska St, 75","4.57","ACCEPTED","15.68","2026-01-17","4","Great trip!"
"Dmytro","Melnyk","+380834316329","male","Alina","Kushnir","+380701542147","DL190197","other","BMW 5 Series","AM 6811 BB-533","Silver","Luxury","false","Vinnytsia, Shevchenka St, 114","Vinnytsia, Stryiska St, 132","11.13","PENDING","75.18","2026-02-23","3","Highly recommend"
"Mariia","Khmelyov","+380979800652","prefer not to say","Dmytro","Goncharenko","+380816888784","DL946708","prefer not to say","Audi A4","AP 5376 CX-534","Dark Blue","Hatchback","true","Ternopil, Kulparkivska St, 132","Ternopil, Valova St, 95","9.41","PENDING","23.97","2026-01-07","3","Polite driver"
"Oleksandr","Lysenko","+380658950474","prefer not to say","Nataliia","Tkachenko","+380892714356","DL329468","female","Audi A4","AE 9799 CX-535","Grey","Luxury","true","Mykolaiv, Bandery St, 28","Mykolaiv, Lychakivska St, 56","13.98","REJECTED","12.73","2025-12-31","1","Car was uncomfortable"
"Iryna","Kravchenko","+380673448841","male","Andrii","Kovalenko","+380785853128","DL692427","prefer not to say","Skoda Octavia","BK 3103 HT-536","Brown","Luxury","true","Ternopil, Kulparkivska St, 148","Ternopil, Valova St, 147","8.85","REJECTED","74.50","2026-02-20","5","Could be better"
"Yuliia","Zaitsev","+380741070146","female","Yevhen","Dovzhenko","+380954461372","DL713296","female","Tesla Model 3","AX 9976 II-537","Red","Hatchback","false","Zaporizhzhia, Khmelnitskoho St, 56","Zaporizhzhia, Lychakivska St, 83","10.08","PENDING","46.06","2026-02-14","2","Will ride again"
"Dmytro","Sokolova","+380796545118","male","Iryna","Bondarenko","+380633808731","DL683603","male","Honda Accord","AA 3033 BB-538","Brown","Luxury","false","Chernivtsi, Naukova St, 74","Chernivtsi, Vasylkivska St, 92","12.13","CANCELLED","17.85","2026-01-17","4","Smooth ride"
"Anna","Boyko","+380782285993","male","Andrii","Lysenko","+380764374178","DL616104","female","Subaru Legacy","BC 2374 BB-539","Dark Blue","Luxury","false","Dnipro, Horodotska St, 114","Dnipro, Franka St, 94","10.67","ACCEPTED","37.64","2026-03-07","5","Excellent service"
"Mykola","Fedorov","+380901226433","other","Viktor","Sokolova","+380947564265","DL425007","female","Volkswagen Passat","BM 4361 II-540","White","Sedan","true","Mykolaiv, Sichovykh Striltsiv St, 129","Mykolaiv, Khmelnitskoho St, 31","1.77","REJECTED","108.67","2026-01-24","3","Terrible service"
"Serhii","Lysenko","+380699665444","male","Andrii","Hrytsenko","+380807495528","DL780874","female","Skoda Octavia","BO 8789 II-541","Yellow","Luxury","true","Rivne, Vasylkivska St, 101","Rivne, Shevchenka St, 37","13.90","IN_PROGRESS","12.06","2026-03-12","1","Amazing experience"
"Mykola","Goncharenko","+380785957062","prefer not to say","Alina","Hrytsenko","+380668141282","DL735958","prefer not to say","Hyundai Sonata","BO 3730 BB-542","Dark Blue","Hatchback","true","Uzhhorod, Horodotska St, 25","Uzhhorod, Kulparkivska St, 125","10.37","CANCELLED","27.13","2026-01-04","4","Excellent service"
"Volodymyr","Kovalenko","+380989795434","male","Mykola","Kushnir","+380802937360","DL868699","other","Ford Fusion","BI 3104 HT-543","Orange","Luxury","true","Zaporizhzhia, Kulparkivska St, 18","Zaporizhzhia, Bandery St, 136","11.59","PENDING","50.35","2026-03-21","3","Smooth ride"
"Yevhen","Boyko","+380975920590","male","Yevhen","Melnyk","+380926653540","DL432867","other","Ford Fusion","BT 1225 BB-544","Green","SUV","false","Kherson, Lychakivska St, 42","Kherson, Sichovykh Striltsiv St, 41","8.32","CANCELLED","36.07","2026-01-11","2","Amazing experience"
"Alina","Khmelyov","+380861752441","female","Andrii","Fedorov","+380885510062","DL726254","male","Nissan Altima","BO 6651 CX-545","Red","Sedan","true","Zaporizhzhia, Vasylkivska St, 145","Zaporizhzhia, Valova St, 76","1.17","SCHEDULED","106.77","2026-01-17","1","Smooth ride"
"Oleksandr","Bondarenko","+380813752816","male","Yuliia","Boyko","+380863406104","DL508706","male","Skoda Octavia","AB 3794 II-546","Green","SUV","true","Ivano-Frankivsk, Chornovola Ave, 144","Ivano-Frankivsk, Sichovykh Striltsiv St, 50","6.12","ACCEPTED","73.92","2026-01-23","2","Car was uncomfortable"
"Mykola","Polishchuk","+380819157689","other","Nataliia","Marchenko","+380632384619","DL419314","male","Hyundai Sonata","AM 5320 CX-547","Green","SUV","false","Lviv, Lychakivska St, 84","Lviv, Valova St, 126","14.46","ACCEPTED","52.60","2026-03-09","2","Driver was late"
"Alina","Khmelyov","+380754635188","female","Alina","Bondarenko","+380984148315","DL703112","prefer not to say","Ford Fusion","AO 6322 II-548","White","Luxury","true","Kherson, Zelena St, 57","Kherson, Naukova St, 69","14.93","ACCEPTED","68.06","2026-02-03","1","Bad smell in cabin"
"Kateryna","Melnyk","+380858964497","other","Mariia","Marchenko","+380832554203","DL941700","male","Renault Megane","BH 9317 BB-549","Dark Blue","Hatchback","true","Chernivtsi, Shevchenka St, 34","Chernivtsi, Lychakivska St, 31","1.81","SCHEDULED","11.63","2026-01-17","5","Smooth ride"
"Dmytro","Sokolova","+380875888244","female","Mariia","Marchenko","+380739959424","DL982662","female","BMW 5 Series","AT 6137 BB-550","Red","SUV","true","Ternopil, Horodotska St, 86","Ternopil, Shevchenka St, 93","2.94","IN_PROGRESS","40.71","2026-03-25","1","Smooth ride"
"Dmytro","Fedorov","+380982495316","female","Oleksandr","Melnyk","+380817353008","DL920383","female","BMW 5 Series","AB 6511 II-551","Yellow","SUV","true","Kharkiv, Bandery St, 19","Kharkiv, Vasylkivska St, 16","6.10","COMPLETED","80.75","2026-01-19","3","Bad smell in cabin"
"Yevhen","Polishchuk","+380797462823","male","Olena","Marchenko","+380813959155","DL176451","female","Skoda Octavia","AE 7245 BB-552","Red","Sedan","true","Odesa, Shevchenka St, 46","Odesa, Kulparkivska St, 78","10.35","SCHEDULED","105.86","2026-03-20","1","Could be better"
"Kateryna","Zaitsev","+380717637733","prefer not to say","Svitlana","Hrytsenko","+380884139808","DL765926","female","Mazda 6","AA 2375 CX-553","Yellow","Luxury","true","Lviv, Stryiska St, 23","Lviv, Bandery St, 149","14.66","COMPLETED","21.76","2026-03-02","4","Will ride again"
"Dmytro","Tkachenko","+380678223631","other","Anna","Kushnir","+380711135225","DL395244","prefer not to say","Skoda Octavia","BC 6295 II-554","White","Sedan","true","Ternopil, Khmelnitskoho St, 124","Ternopil, Kulparkivska St, 83","10.11","SCHEDULED","80.00","2026-01-01","2","Polite driver"
"Andrii","Hrytsenko","+380819323931","other","Ivan","Kravchenko","+380894077674","DL944030","female","Mazda 6","AO 6125 HT-555","Black","SUV","true","Lviv, Sichovykh Striltsiv St, 123","Lviv, Sichovykh Striltsiv St, 144","11.66","FAILED","62.21","2026-02-14","4","Very clean car"
"Yevhen","Zaitsev","+380825271076","female","Andrii","Bondarenko","+380742712651","DL598785","prefer not to say","Hyundai Sonata","AT 8051 BB-556","Green","Luxury","true","Kharkiv, Horodotska St, 96","Kharkiv, Franka St, 61","9.61","ACCEPTED","96.46","2026-03-14","1","Will ride again"
"Oksana","Dovzhenko","+380778980064","female","Nataliia","Marchenko","+380746243174","DL111441","female","Tesla Model 3","BI 3888 AA-557","Red","Sedan","true","Ivano-Frankivsk, Vasylkivska St, 108","Ivano-Frankivsk, Shevchenka St, 90","5.04","REJECTED","106.50","2026-01-12","5","Car was uncomfortable"
"Anna","Bondarenko","+380779643078","prefer not to say","Serhii","Dovzhenko","+380892390311","DL839496","other","Nissan Altima","BA 5396 CX-558","Grey","Sedan","true","Odesa, Horodotska St, 84","Odesa, Vasylkivska St, 131","15.88","IN_PROGRESS","67.00","2026-02-23","2","Excellent service"
"Oleksandr","Zaitsev","+380646073262","other","Oksana","Boyko","+380924834514","DL345575","male","Skoda Octavia","AO 7401 II-559","Yellow","Sedan","true","Chernivtsi, Zelena St, 98","Chernivtsi, Shevchenka St, 85","2.22","SCHEDULED","25.72","2026-03-12","3","Bad smell in cabin"
"Yuliia","Polishchuk","+380887117701","female","Olena","Sokolova","+380836067643","DL202804","male","Hyundai Sonata","BB 2121 AA-560","Brown","Hatchback","true","Lutsk, Horodotska St, 114","Lutsk, Valova St, 95","13.56","FAILED","41.22","2026-02-06","2","Car was uncomfortable"
"Oksana","Shevchenko","+380969822503","prefer not to say","Olena","Polishchuk","+380802991507","DL985400","prefer not to say","Volkswagen Passat","BO 8755 AA-561","Dark Blue","Sedan","true","Ivano-Frankivsk, Chornovola Ave, 26","Ivano-Frankivsk, Valova St, 145","14.48","COMPLETED","26.14","2026-02-08","3","Great trip!"
"Kateryna","Marchenko","+380863211618","other","Oksana","Fedorov","+380699728312","DL583964","other","Mazda 6","BC 2353 AA-562","Yellow","Luxury","true","Ternopil, Khmelnitskoho St, 83","Ternopil, Sichovykh Striltsiv St, 34","8.86","IN_PROGRESS","13.07","2026-02-14","3","Bad smell in cabin"
"Mariia","Sokolova","+380742357746","male","Iryna","Fedorov","+380908909903","DL923131","other","Tesla Model 3","AP 1554 AA-563","Grey","Luxury","true","Dnipro, Sichovykh Striltsiv St, 60","Dnipro, Horodotska St, 49","1.24","FAILED","13.96","2026-03-18","2","Not recommended"
"Yuliia","Hrytsenko","+380995189363","female","Andrii","Tkachenko","+380705570715","DL564422","female","BMW 5 Series","AB 6073 CX-564","White","Luxury","true","Vinnytsia, Chornovola Ave, 41","Vinnytsia, Naukova St, 6","8.36","COMPLETED","84.40","2026-01-13","2","Excellent service"
"Ivan","Goncharenko","+380812269543","prefer not to say","Yuliia","Dovzhenko","+380944830735","DL380044","male","Ford Fusion","BE 6926 AA-565","Orange","SUV","true","Kyiv, Khmelnitskoho St, 48","Kyiv, Shevchenka St, 132","2.46","COMPLETED","45.07","2026-01-25","3","Car was uncomfortable"
"Andrii","Oliinyk","+380783573828","other","Olena","Shevchenko","+380868814234","DL846143","prefer not to say","Ford Fusion","BT 8339 AA-566","White","Luxury","true","Chernivtsi, Shevchenka St, 88","Chernivtsi, Bandery St, 19","4.75","ACCEPTED","43.60","2026-03-05","2","Amazing experience"
"Olena","Boyko","+380947221783","prefer not to say","Svitlana","Tkachenko","+380769625933","DL106698","female","Audi A4","AM 7230 BB-567","Black","Sedan","true","Chernivtsi, Shevchenka St, 31","Chernivtsi, Valova St, 70","9.29","ACCEPTED","75.89","2026-02-23","4","Terrible service"
"Ivan","Tkachenko","+380953179136","female","Oksana","Tkachenko","+380661691096","DL538531","prefer not to say","Toyota Camry","BH 4291 CX-568","Grey","Hatchback","true","Dnipro, Franka St, 15","Dnipro, Zelena St, 52","13.46","PENDING","64.07","2026-01-13","3","Will ride again"
"Ivan","Kovalenko","+380786115001","prefer not to say","Anna","Boyko","+380671541929","DL850976","other","Ford Fusion","AA 3308 II-569","Orange","Hatchback","true","Kyiv, Vasylkivska St, 83","Kyiv, Sichovykh Striltsiv St, 145","8.67","IN_PROGRESS","100.17","2026-03-17","5","Terrible service"
"Andrii","Hrytsenko","+380714714617","female","Viktor","Melnyk","+380816913403","DL820277","female","Mazda 6","AB 2149 BB-570","Black","Luxury","true","Ternopil, Vasylkivska St, 135","Ternopil, Naukova St, 38","15.31","FAILED","23.05","2026-03-03","1","Terrible service"
"Dmytro","Shevchenko","+380866266624","prefer not to say","Oleksandr","Polishchuk","+380725735799","DL382774","male","Mercedes-Benz C-Class","AT 8572 HT-571","Silver","Hatchback","false","Ivano-Frankivsk, Pekarska St, 112","Ivano-Frankivsk, Zelena St, 112","13.33","FAILED","19.60","2026-03-24","3","Car was uncomfortable"
"Serhii","Tkachenko","+380818478799","prefer not to say","Svitlana","Melnyk","+380667556470","DL734018","female","Volkswagen Passat","AP 3493 HT-572","Red","Luxury","false","Odesa, Lychakivska St, 145","Odesa, Kulparkivska St, 37","6.32","FAILED","83.66","2026-03-18","3","Highly recommend"
"Kateryna","Zaitsev","+380671271424","female","Mariia","Melnyk","+380821073383","DL752767","male","Nissan Altima","BC 3113 HT-573","Brown","Hatchback","true","Vinnytsia, Stryiska St, 84","Vinnytsia, Lychakivska St, 36","15.83","IN_PROGRESS","66.16","2026-02-08","5","Driver was rude"
"Mykola","Fedorov","+380784088663","prefer not to say","Dmytro","Kovalenko","+380714948972","DL306228","female","Tesla Model 3","BC 2857 II-574","Grey","Hatchback","true","Chernivtsi, Horodotska St, 149","Chernivtsi, Pekarska St, 143","14.38","IN_PROGRESS","51.06","2026-02-18","2","Highly recommend"
"Anna","Dovzhenko","+380993910224","male","Svitlana","Kushnir","+380813156672","DL686189","other","Toyota Camry","BK 9331 HT-575","Black","Luxury","true","Ternopil, Stryiska St, 143","Ternopil, Valova St, 60","7.58","SCHEDULED","59.08","2025-12-31","4","Driver was late"
"Dmytro","Dovzhenko","+380656292319","male","Mariia","Kovalenko","+380952026251","DL519889","other","Hyundai Sonata","BK 9710 AA-576","Brown","SUV","false","Lutsk, Stryiska St, 96","Lutsk, Chornovola Ave, 39","8.76","FAILED","60.06","2026-03-25","1","Highly recommend"
"Dmytro","Lysenko","+380975089673","male","Yuliia","Shevchenko","+380964462437","DL986582","female","Toyota Camry","AE 6405 BB-577","Red","Luxury","true","Zaporizhzhia, Bandery St, 64","Zaporizhzhia, Shevchenka St, 124","9.27","COMPLETED","89.74","2026-01-22","5","Car was uncomfortable"
"Nataliia","Bondarenko","+380696699021","other","Ivan","Shevchenko","+380839641246","DL397064","other","Audi A4","BA 2549 BB-578","Silver","Luxury","true","Ternopil, Lychakivska St, 97","Ternopil, Lychakivska St, 72","2.13","COMPLETED","50.15","2026-02-03","5","Will ride again"
"Dmytro","Polishchuk","+380638849994","prefer not to say","Nataliia","Kravchenko","+380769663134","DL855295","other","Hyundai Sonata","BI 8298 CX-579","Grey","Luxury","true","Uzhhorod, Zelena St, 44","Uzhhorod, Horodotska St, 57","14.81","FAILED","91.17","2026-03-17","1","Polite driver"
"Andrii","Hrytsenko","+380731181566","other","Alina","Goncharenko","+380892186307","DL790134","prefer not to say","Skoda Octavia","BE 4753 BB-580","Dark Blue","Sedan","true","Kherson, Pekarska St, 135","Kherson, Zelena St, 62","1.22","COMPLETED","54.35","2026-03-14","1","Driver was rude"
"Serhii","Kushnir","+380842759335","other","Svitlana","Melnyk","+380908367672","DL851141","male","Volkswagen Passat","AB 9351 AA-581","Brown","Hatchback","false","Odesa, Sichovykh Striltsiv St, 34","Odesa, Pekarska St, 96","11.53","CANCELLED","13.33","2026-01-21","5","Could be better"
"Ivan","Kovalenko","+380685859870","prefer not to say","Nataliia","Dovzhenko","+380715668024","DL898614","female","Nissan Altima","AP 2262 CX-582","White","Hatchback","true","Kherson, Bandery St, 144","Kherson, Pekarska St, 68","10.12","REJECTED","56.51","2026-01-20","4","Not recommended"
"Dmytro","Kravchenko","+380834699731","female","Svitlana","Fedorov","+380962196834","DL674030","male","Honda Accord","AA 7998 II-583","Yellow","Sedan","true","Kyiv, Pekarska St, 125","Kyiv, Pekarska St, 37","12.40","REJECTED","74.12","2026-01-09","5","Will ride again"
"Viktor","Dovzhenko","+380907712154","other","Oksana","Hrytsenko","+380989598141","DL990176","prefer not to say","BMW 5 Series","AB 4534 HT-584","Dark Blue","Luxury","false","Dnipro, Horodotska St, 27","Dnipro, Chornovola Ave, 143","14.26","COMPLETED","95.93","2026-03-27","5","Car was uncomfortable"
"Iryna","Goncharenko","+380995421118","male","Yuliia","Oliinyk","+380756972466","DL507256","male","Skoda Octavia","BH 9560 CX-585","White","SUV","false","Uzhhorod, Chornovola Ave, 93","Uzhhorod, Shevchenka St, 34","8.99","CANCELLED","11.19","2026-02-18","2","Could be better"
"Olena","Bondarenko","+380669955774","male","Oksana","Tkachenko","+380646072798","DL271750","female","Audi A4","BH 8722 AA-586","Dark Blue","Sedan","true","Odesa, Horodotska St, 113","Odesa, Franka St, 142","1.35","REJECTED","54.90","2026-02-27","5","Driver was rude"
"Anna","Kushnir","+380988271125","other","Nataliia","Fedorov","+380812271702","DL384815","male","Nissan Altima","BA 4004 II-587","Grey","Hatchback","true","Ternopil, Zelena St, 131","Ternopil, Bandery St, 109","14.09","CANCELLED","104.98","2026-01-10","5","Will ride again"
"Yuliia","Dovzhenko","+380782226188","other","Alina","Lysenko","+380934551553","DL154093","female","Kia Optima","BB 9993 BB-588","White","SUV","false","Odesa, Franka St, 102","Odesa, Valova St, 7","2.88","CANCELLED","32.42","2026-02-22","2","Great trip!"
"Mykola","Polishchuk","+380773571099","other","Yevhen","Shevchenko","+380761780301","DL941197","male","Kia Optima","BK 5869 CX-589","Brown","Sedan","true","Ternopil, Khmelnitskoho St, 26","Ternopil, Horodotska St, 43","9.78","IN_PROGRESS","62.02","2026-01-13","4","Will ride again"
"Pavlo","Kravchenko","+380782911346","male","Yevhen","Marchenko","+380893595644","DL764917","other","Toyota Camry","AB 6871 BB-590","Brown","Hatchback","true","Uzhhorod, Lychakivska St, 5","Uzhhorod, Sichovykh Striltsiv St, 72","14.94","PENDING","12.73","2026-03-22","2","Could be better"
"Svitlana","Tkachenko","+380729889821","male","Svitlana","Bondarenko","+380798913560","DL622350","prefer not to say","Subaru Legacy","AP 5269 AA-591","Orange","Sedan","true","Uzhhorod, Zelena St, 145","Uzhhorod, Lychakivska St, 145","4.91","IN_PROGRESS","74.38","2026-02-04","4","Polite driver"
"Viktor","Zaitsev","+380729956019","female","Anna","Kravchenko","+380689009648","DL466094","prefer not to say","BMW 5 Series","BC 8321 BB-592","Brown","SUV","true","Odesa, Naukova St, 142","Odesa, Chornovola Ave, 1","3.35","CANCELLED","10.71","2026-02-19","5","Smooth ride"
"Andrii","Khmelyov","+380992956934","male","Serhii","Polishchuk","+380981929155","DL521263","male","Volkswagen Passat","BA 3322 HT-593","Silver","SUV","true","Kyiv, Pekarska St, 150","Kyiv, Bandery St, 117","8.17","PENDING","105.65","2026-01-18","1","Smooth ride"
"Viktor","Shevchenko","+380652284917","prefer not to say","Oleksandr","Zaitsev","+380936582727","DL446592","prefer not to say","Audi A4","BE 8786 CX-594","Yellow","Luxury","true","Kharkiv, Sichovykh Striltsiv St, 23","Kharkiv, Bandery St, 83","13.98","COMPLETED","29.43","2026-03-06","4","Could be better"
"Ivan","Kravchenko","+380862474162","female","Svitlana","Zaitsev","+380923129393","DL881279","other","Renault Megane","BO 4529 BB-595","Orange","SUV","true","Ternopil, Pekarska St, 125","Ternopil, Shevchenka St, 88","12.98","FAILED","64.41","2026-02-03","3","Excellent service"
"Dmytro","Goncharenko","+380831783797","male","Anna","Kravchenko","+380642211436","DL859758","male","Skoda Octavia","BH 1542 BB-596","White","Hatchback","true","Odesa, Stryiska St, 8","Odesa, Bandery St, 122","1.08","SCHEDULED","74.91","2026-01-05","2","Terrible service"
"Anna","Melnyk","+380867715870","other","Andrii","Boyko","+380731209590","DL334437","male","Skoda Octavia","AA 4529 HT-597","White","Luxury","true","Kyiv, Lychakivska St, 147","Kyiv, Bandery St, 66","4.84","FAILED","48.35","2026-02-14","2","Could be better"
"Alina","Goncharenko","+380719914329","female","Oleksandr","Goncharenko","+380653080876","DL287597","female","Toyota Camry","AM 6061 CX-598","Red","Hatchback","true","Kherson, Vasylkivska St, 104","Kherson, Franka St, 26","12.02","REJECTED","13.88","2026-02-24","3","Amazing experience"
"Oleksandr","Khmelyov","+380701438572","other","Yevhen","Melnyk","+380801052960","DL996680","prefer not to say","Renault Megane","BE 4314 CX-599","Red","Hatchback","true","Rivne, Stryiska St, 128","Rivne, Shevchenka St, 82","9.44","REJECTED","34.98","2026-03-13","4","Terrible service"
"Kateryna","Fedorov","+380944983698","other","Yevhen","Marchenko","+380931753564","DL601101","male","Skoda Octavia","BM 5941 HT-600","Yellow","SUV","true","Zaporizhzhia, Bandery St, 134","Zaporizhzhia, Sichovykh Striltsiv St, 129","2.12","IN_PROGRESS","48.97","2026-03-07","4","Great trip!"
"Mariia","Dovzhenko","+380868312920","other","Mariia","Khmelyov","+380661734175","DL702571","prefer not to say","Skoda Octavia","BH 9130 AA-601","Grey","Hatchback","true","Ternopil, Chornovola Ave, 61","Ternopil, Bandery St, 44","11.43","REJECTED","107.27","2026-01-07","2","Could be better"
"Olena","Tkachenko","+380847041917","male","Ivan","Goncharenko","+380887812745","DL697660","other","BMW 5 Series","BH 4180 AA-602","Black","Sedan","true","Odesa, Valova St, 82","Odesa, Valova St, 22","4.98","FAILED","43.61","2026-03-13","4","Very clean car"
"Serhii","Kravchenko","+380977473770","prefer not to say","Andrii","Polishchuk","+380761756589","DL347476","prefer not to say","Volkswagen Passat","BE 3736 AA-603","Dark Blue","Sedan","false","Zaporizhzhia, Franka St, 44","Zaporizhzhia, Pekarska St, 49","14.41","IN_PROGRESS","85.17","2026-02-26","4","Highly recommend"
"Dmytro","Goncharenko","+380867070319","female","Oleksandr","Oliinyk","+380894448322","DL399585","prefer not to say","BMW 5 Series","AX 2098 AA-604","Yellow","Luxury","true","Lviv, Sichovykh Striltsiv St, 57","Lviv, Sichovykh Striltsiv St, 60","7.22","CANCELLED","106.77","2026-01-23","3","Could be better"
"Oleksandr","Polishchuk","+380885970015","other","Volodymyr","Goncharenko","+380682799288","DL480651","prefer not to say","Ford Fusion","BB 3184 BB-605","Orange","SUV","false","Vinnytsia, Franka St, 82","Vinnytsia, Sichovykh Striltsiv St, 8","10.72","COMPLETED","34.90","2026-02-04","3","Driver was late"
"Yevhen","Hrytsenko","+380823051345","female","Mykola","Marchenko","+380801172567","DL727186","other","Kia Optima","BM 5088 HT-606","Silver","Sedan","false","Mykolaiv, Franka St, 60","Mykolaiv, Pekarska St, 65","5.38","SCHEDULED","54.97","2026-01-20","3","Smooth ride"
"Iryna","Lysenko","+380809892033","female","Pavlo","Dovzhenko","+380909686575","DL731039","male","Nissan Altima","AE 5720 BB-607","Orange","SUV","true","Dnipro, Kulparkivska St, 61","Dnipro, Kulparkivska St, 143","2.00","ACCEPTED","100.11","2026-03-23","4","Bad smell in cabin"
"Oleksandr","Bondarenko","+380632480894","prefer not to say","Dmytro","Shevchenko","+380828582390","DL404789","female","Renault Megane","BI 7706 HT-608","Black","Hatchback","true","Odesa, Lychakivska St, 83","Odesa, Kulparkivska St, 66","4.54","PENDING","87.20","2026-03-26","5","Terrible service"
"Iryna","Fedorov","+380844145587","male","Yevhen","Bondarenko","+380935560761","DL269527","male","Nissan Altima","BE 2828 II-609","Silver","Luxury","true","Zaporizhzhia, Chornovola Ave, 117","Zaporizhzhia, Stryiska St, 28","7.54","PENDING","46.97","2026-02-26","3","Polite driver"
"Iryna","Kushnir","+380949983110","female","Alina","Goncharenko","+380644296156","DL459627","female","Toyota Camry","BM 7636 II-610","Silver","SUV","true","Ternopil, Horodotska St, 22","Ternopil, Shevchenka St, 93","7.64","COMPLETED","11.92","2026-03-17","2","Bad smell in cabin"
"Anna","Goncharenko","+380632289092","male","Pavlo","Tkachenko","+380918626049","DL496486","other","Audi A4","AO 1153 II-611","Brown","Sedan","false","Vinnytsia, Shevchenka St, 120","Vinnytsia, Kulparkivska St, 34","3.92","CANCELLED","21.26","2026-02-03","3","Will ride again"
"Olena","Polishchuk","+380842867427","male","Oksana","Marchenko","+380689550251","DL471167","other","Kia Optima","AM 2975 II-612","Silver","SUV","true","Kyiv, Pekarska St, 129","Kyiv, Khmelnitskoho St, 17","14.32","ACCEPTED","53.48","2026-03-17","2","Car was uncomfortable"
"Kateryna","Kovalenko","+380771408371","male","Serhii","Dovzhenko","+380931636769","DL914181","prefer not to say","Subaru Legacy","BK 3308 AA-613","Black","Luxury","true","Ternopil, Franka St, 11","Ternopil, Franka St, 23","10.46","PENDING","103.03","2026-01-18","5","Terrible service"
"Oksana","Khmelyov","+380965558803","male","Andrii","Lysenko","+380854065316","DL225381","prefer not to say","Ford Fusion","BT 3011 II-614","Orange","Sedan","true","Lutsk, Franka St, 142","Lutsk, Stryiska St, 93","14.49","IN_PROGRESS","37.02","2026-03-06","2","Will ride again"
"Oleksandr","Hrytsenko","+380913586312","male","Ivan","Kravchenko","+380971610232","DL280560","other","Volkswagen Passat","AB 6160 HT-615","Black","Hatchback","true","Kyiv, Stryiska St, 46","Kyiv, Kulparkivska St, 121","2.09","ACCEPTED","44.67","2026-03-26","4","Driver was late"
"Andrii","Zaitsev","+380779796616","male","Kateryna","Hrytsenko","+380882293968","DL481726","female","Renault Megane","AA 2758 II-616","Red","Hatchback","true","Ivano-Frankivsk, Shevchenka St, 93","Ivano-Frankivsk, Naukova St, 127","2.01","IN_PROGRESS","88.71","2026-03-08","5","Highly recommend"
"Mariia","Polishchuk","+380727444485","other","Mykola","Fedorov","+380838753635","DL136523","prefer not to say","Hyundai Sonata","BM 1109 HT-617","White","Sedan","true","Mykolaiv, Zelena St, 76","Mykolaiv, Naukova St, 120","1.72","REJECTED","24.26","2026-03-08","3","Amazing experience"
"Serhii","Marchenko","+380924205492","male","Olena","Shevchenko","+380647333124","DL613079","female","Toyota Camry","AB 9389 II-618","White","Hatchback","false","Kyiv, Vasylkivska St, 98","Kyiv, Vasylkivska St, 98","12.91","ACCEPTED","92.10","2026-02-18","1","Polite driver"
"Dmytro","Melnyk","+380953871016","other","Ivan","Goncharenko","+380781768983","DL847068","prefer not to say","Skoda Octavia","BE 6922 BB-619","White","Hatchback","true","Ternopil, Horodotska St, 39","Ternopil, Khmelnitskoho St, 66","15.69","CANCELLED","86.87","2026-01-27","4","Car was uncomfortable"
"Svitlana","Sokolova","+380813312638","female","Alina","Marchenko","+380919238132","DL316109","prefer not to say","Nissan Altima","AA 4459 BB-620","Silver","Luxury","true","Rivne, Sichovykh Striltsiv St, 54","Rivne, Valova St, 128","3.82","REJECTED","69.59","2026-03-02","5","Terrible service"
"Oksana","Khmelyov","+380747876288","prefer not to say","Iryna","Khmelyov","+380801576855","DL458861","female","Nissan Altima","AP 8625 II-621","Grey","Sedan","true","Rivne, Pekarska St, 21","Rivne, Zelena St, 63","11.26","IN_PROGRESS","89.56","2026-02-25","4","Smooth ride"
"Pavlo","Melnyk","+380892631759","female","Volodymyr","Kovalenko","+380841819055","DL984321","other","Hyundai Sonata","AP 6055 AA-622","Grey","Luxury","false","Ivano-Frankivsk, Khmelnitskoho St, 12","Ivano-Frankivsk, Khmelnitskoho St, 146","6.54","REJECTED","36.60","2026-01-17","3","Driver was rude"
"Viktor","Hrytsenko","+380648285264","prefer not to say","Mykola","Sokolova","+380775675025","DL783207","other","Audi A4","BE 9258 HT-623","Orange","Luxury","true","Chernivtsi, Lychakivska St, 1","Chernivtsi, Zelena St, 56","1.81","REJECTED","27.22","2026-03-27","5","Driver was rude"
"Oksana","Kovalenko","+380837176237","prefer not to say","Yuliia","Kravchenko","+380735865665","DL394477","female","Subaru Legacy","AP 7599 HT-624","Green","Luxury","false","Zaporizhzhia, Naukova St, 51","Zaporizhzhia, Khmelnitskoho St, 5","6.08","SCHEDULED","44.94","2026-01-07","4","Driver was rude"
"Serhii","Fedorov","+380843024968","prefer not to say","Alina","Kushnir","+380712924978","DL613033","male","Kia Optima","BT 8311 AA-625","Orange","Hatchback","true","Dnipro, Chornovola Ave, 32","Dnipro, Chornovola Ave, 13","6.21","IN_PROGRESS","40.70","2026-02-20","4","Amazing experience"
"Dmytro","Dovzhenko","+380945360033","male","Viktor","Kravchenko","+380717730800","DL722689","prefer not to say","Toyota Camry","AM 1288 AA-626","Orange","SUV","true","Dnipro, Franka St, 44","Dnipro, Vasylkivska St, 87","4.70","ACCEPTED","61.72","2026-03-02","4","Smooth ride"
"Yuliia","Polishchuk","+380653511243","female","Volodymyr","Bondarenko","+380777568605","DL468243","female","Subaru Legacy","BM 1493 AA-627","Orange","Sedan","true","Ternopil, Horodotska St, 23","Ternopil, Kulparkivska St, 32","1.10","CANCELLED","63.73","2026-01-26","3","Polite driver"
"Dmytro","Kushnir","+380859811055","male","Svitlana","Kushnir","+380937638074","DL422815","male","BMW 5 Series","AA 1734 HT-628","Yellow","Sedan","false","Rivne, Shevchenka St, 21","Rivne, Kulparkivska St, 113","11.00","PENDING","46.53","2026-02-15","5","Great trip!"
"Olena","Zaitsev","+380837235255","prefer not to say","Yuliia","Oliinyk","+380992129353","DL419992","female","Volkswagen Passat","BH 8829 II-629","Orange","Hatchback","false","Lutsk, Lychakivska St, 76","Lutsk, Lychakivska St, 88","2.79","FAILED","51.10","2026-03-18","1","Excellent service"
"Mykola","Lysenko","+380646067807","female","Mariia","Kushnir","+380889947271","DL914110","prefer not to say","BMW 5 Series","BO 2073 CX-630","Silver","Luxury","false","Lviv, Bandery St, 147","Lviv, Kulparkivska St, 116","6.14","COMPLETED","100.73","2026-03-14","3","Will ride again"
"Iryna","Lysenko","+380741847108","prefer not to say","Viktor","Bondarenko","+380711416466","DL309193","prefer not to say","Mazda 6","AT 5787 AA-631","Green","Hatchback","false","Kyiv, Sichovykh Striltsiv St, 100","Kyiv, Valova St, 5","14.20","FAILED","81.76","2026-01-15","2","Will ride again"
"Mykola","Fedorov","+380888615307","prefer not to say","Mykola","Zaitsev","+380964796646","DL505146","female","Kia Optima","AO 2676 BB-632","Red","Sedan","false","Kharkiv, Naukova St, 97","Kharkiv, Kulparkivska St, 94","4.30","IN_PROGRESS","67.74","2026-02-21","3","Bad smell in cabin"
"Svitlana","Oliinyk","+380769656171","other","Pavlo","Sokolova","+380753626791","DL977634","other","Honda Accord","BK 9856 AA-633","Silver","Luxury","true","Kherson, Stryiska St, 52","Kherson, Lychakivska St, 80","12.72","PENDING","30.83","2026-03-07","3","Smooth ride"
"Viktor","Goncharenko","+380812649077","other","Anna","Oliinyk","+380789634747","DL148541","prefer not to say","Renault Megane","BT 1684 HT-634","Brown","Hatchback","true","Ivano-Frankivsk, Zelena St, 149","Ivano-Frankivsk, Franka St, 69","10.13","FAILED","56.36","2026-03-25","1","Driver was late"
"Mariia","Hrytsenko","+380916709849","other","Alina","Sokolova","+380868698817","DL492495","prefer not to say","Kia Optima","BA 3008 II-635","Yellow","SUV","true","Lviv, Khmelnitskoho St, 64","Lviv, Stryiska St, 51","2.13","PENDING","60.49","2026-02-13","3","Bad smell in cabin"
"Svitlana","Shevchenko","+380895511916","prefer not to say","Dmytro","Sokolova","+380939253606","DL443209","male","Skoda Octavia","AM 8348 AA-636","Black","Sedan","true","Vinnytsia, Chornovola Ave, 85","Vinnytsia, Khmelnitskoho St, 91","12.99","REJECTED","39.27","2026-02-23","3","Excellent service"
"Andrii","Kushnir","+380948020870","other","Iryna","Bondarenko","+380733159162","DL895621","other","Volkswagen Passat","BB 7285 BB-637","Brown","SUV","true","Ivano-Frankivsk, Sichovykh Striltsiv St, 98","Ivano-Frankivsk, Khmelnitskoho St, 14","9.79","FAILED","21.60","2026-03-22","4","Amazing experience"
"Olena","Sokolova","+380689715397","male","Olena","Bondarenko","+380651352423","DL232309","other","Volkswagen Passat","AP 6087 II-638","Green","Sedan","false","Zaporizhzhia, Naukova St, 117","Zaporizhzhia, Stryiska St, 27","7.90","ACCEPTED","101.30","2026-02-26","3","Terrible service"
"Svitlana","Sokolova","+380865166143","female","Iryna","Dovzhenko","+380639451528","DL273162","female","Volkswagen Passat","AT 6777 BB-639","Brown","Luxury","false","Mykolaiv, Naukova St, 115","Mykolaiv, Bandery St, 127","5.78","PENDING","49.52","2026-02-10","1","Highly recommend"
"Kateryna","Kovalenko","+380792696033","female","Oksana","Kovalenko","+380722063537","DL218008","other","Mazda 6","AA 1641 II-640","Dark Blue","Luxury","true","Kherson, Lychakivska St, 83","Kherson, Franka St, 114","3.69","SCHEDULED","91.20","2026-03-15","2","Amazing experience"
"Mykola","Oliinyk","+380926662402","other","Nataliia","Khmelyov","+380744485925","DL374107","other","Hyundai Sonata","AP 3898 HT-641","White","Luxury","false","Dnipro, Khmelnitskoho St, 68","Dnipro, Kulparkivska St, 131","7.87","SCHEDULED","75.21","2025-12-31","2","Excellent service"
"Anna","Sokolova","+380918031837","prefer not to say","Pavlo","Bondarenko","+380829394148","DL422852","female","Skoda Octavia","AE 1563 BB-642","Silver","Hatchback","false","Lviv, Khmelnitskoho St, 134","Lviv, Sichovykh Striltsiv St, 55","1.55","PENDING","29.70","2026-03-14","5","Polite driver"
"Anna","Oliinyk","+380683556750","prefer not to say","Anna","Goncharenko","+380911375159","DL274826","other","BMW 5 Series","BA 2888 HT-643","Dark Blue","Sedan","true","Lutsk, Valova St, 61","Lutsk, Bandery St, 41","4.16","IN_PROGRESS","31.68","2026-01-21","3","Driver was late"
"Oleksandr","Tkachenko","+380697305485","male","Andrii","Zaitsev","+380973094134","DL212110","other","Audi A4","AT 8754 II-644","Grey","SUV","true","Uzhhorod, Franka St, 4","Uzhhorod, Shevchenka St, 30","2.13","COMPLETED","32.75","2026-02-08","4","Not recommended"
"Olena","Khmelyov","+380852276049","other","Anna","Kravchenko","+380633393171","DL361612","female","Mercedes-Benz C-Class","BA 5888 II-645","Orange","Luxury","true","Lviv, Stryiska St, 146","Lviv, Chornovola Ave, 63","9.91","ACCEPTED","79.43","2026-02-04","4","Could be better"
"Mykola","Kovalenko","+380831588446","male","Pavlo","Polishchuk","+380948084023","DL445729","male","Nissan Altima","BB 7519 AA-646","Black","Sedan","false","Mykolaiv, Lychakivska St, 31","Mykolaiv, Valova St, 15","12.60","SCHEDULED","80.19","2026-03-17","1","Smooth ride"
"Viktor","Bondarenko","+380953146387","female","Pavlo","Khmelyov","+380813129814","DL323029","male","Ford Fusion","BI 6939 HT-647","Yellow","Hatchback","true","Mykolaiv, Stryiska St, 63","Mykolaiv, Lychakivska St, 11","9.30","ACCEPTED","100.24","2026-03-27","2","Highly recommend"
"Mariia","Zaitsev","+380655614125","prefer not to say","Pavlo","Tkachenko","+380949395623","DL338890","male","Volkswagen Passat","AA 4053 HT-648","Yellow","SUV","true","Kyiv, Sichovykh Striltsiv St, 11","Kyiv, Shevchenka St, 116","5.19","ACCEPTED","24.82","2026-03-26","2","Car was uncomfortable"
"Oksana","Marchenko","+380824614198","other","Viktor","Goncharenko","+380779854154","DL360761","female","Audi A4","BO 7058 II-649","Dark Blue","Hatchback","true","Mykolaiv, Zelena St, 16","Mykolaiv, Horodotska St, 123","7.15","PENDING","85.42","2026-01-10","4","Driver was rude"
"Viktor","Lysenko","+380774315947","female","Yevhen","Kovalenko","+380898435537","DL483726","male","Audi A4","AB 2103 II-650","Green","SUV","true","Odesa, Shevchenka St, 37","Odesa, Bandery St, 92","12.75","SCHEDULED","22.88","2026-03-27","4","Polite driver"
"Nataliia","Shevchenko","+380716573574","prefer not to say","Nataliia","Khmelyov","+380901855826","DL905674","other","Renault Megane","AT 1113 HT-651","Black","Sedan","true","Vinnytsia, Khmelnitskoho St, 20","Vinnytsia, Vasylkivska St, 78","12.83","PENDING","62.54","2026-01-31","5","Bad smell in cabin"
"Nataliia","Melnyk","+380879129620","prefer not to say","Volodymyr","Polishchuk","+380922572455","DL357249","female","Renault Megane","AB 5090 II-652","Yellow","SUV","true","Uzhhorod, Khmelnitskoho St, 73","Uzhhorod, Khmelnitskoho St, 62","8.99","ACCEPTED","30.48","2026-01-09","5","Will ride again"
"Oleksandr","Goncharenko","+380983947588","female","Oleksandr","Kushnir","+380955581299","DL492889","male","Volkswagen Passat","AP 7499 AA-653","Dark Blue","Hatchback","false","Dnipro, Lychakivska St, 71","Dnipro, Shevchenka St, 52","13.44","FAILED","76.39","2026-03-22","3","Driver was rude"
"Mykola","Marchenko","+380666826413","male","Ivan","Lysenko","+380734568116","DL622630","other","Mercedes-Benz C-Class","AT 5985 CX-654","Orange","Luxury","true","Chernivtsi, Naukova St, 118","Chernivtsi, Vasylkivska St, 67","10.94","CANCELLED","90.07","2026-03-04","1","Highly recommend"
"Mariia","Kravchenko","+380848084505","other","Oksana","Kovalenko","+380989441328","DL824040","prefer not to say","Honda Accord","BI 2095 AA-655","Green","SUV","false","Lutsk, Naukova St, 36","Lutsk, Pekarska St, 132","1.55","SCHEDULED","76.74","2026-02-24","1","Polite driver"
"Ivan","Melnyk","+380913289973","female","Oksana","Marchenko","+380745309297","DL593970","female","Tesla Model 3","AX 3179 HT-656","Orange","Sedan","false","Kherson, Sichovykh Striltsiv St, 62","Kherson, Chornovola Ave, 28","5.74","ACCEPTED","47.24","2026-03-18","4","Could be better"
"Mykola","Goncharenko","+380747587005","other","Oleksandr","Sokolova","+380853710164","DL767923","other","Subaru Legacy","BB 6407 CX-657","Silver","SUV","true","Uzhhorod, Shevchenka St, 26","Uzhhorod, Shevchenka St, 38","14.81","CANCELLED","57.22","2026-02-21","4","Excellent service"
"Yuliia","Kushnir","+380719309449","other","Yuliia","Boyko","+380807766280","DL527310","female","Skoda Octavia","AM 4314 II-658","White","SUV","true","Rivne, Kulparkivska St, 124","Rivne, Pekarska St, 39","11.37","REJECTED","29.61","2025-12-31","2","Amazing experience"
"Anna","Dovzhenko","+380977510046","other","Viktor","Bondarenko","+380839260799","DL839302","other","Volkswagen Passat","AT 6399 AA-659","Red","Hatchback","true","Vinnytsia, Pekarska St, 141","Vinnytsia, Sichovykh Striltsiv St, 41","5.36","PENDING","74.56","2026-02-07","3","Will ride again"
"Volodymyr","Sokolova","+380986085270","other","Iryna","Tkachenko","+380946111522","DL166388","male","Honda Accord","BC 3493 AA-660","Green","SUV","true","Mykolaiv, Zelena St, 42","Mykolaiv, Stryiska St, 11","8.20","SCHEDULED","96.54","2026-01-27","4","Car was uncomfortable"
"Yuliia","Marchenko","+380644096740","prefer not to say","Oksana","Bondarenko","+380781934722","DL723151","prefer not to say","Skoda Octavia","BE 8414 AA-661","Silver","Hatchback","true","Vinnytsia, Khmelnitskoho St, 13","Vinnytsia, Horodotska St, 72","6.83","ACCEPTED","77.77","2026-03-12","2","Bad smell in cabin"
"Alina","Melnyk","+380693845182","other","Andrii","Tkachenko","+380873968166","DL176418","other","BMW 5 Series","BM 6628 HT-662","Grey","Sedan","true","Chernivtsi, Lychakivska St, 95","Chernivtsi, Pekarska St, 143","9.10","ACCEPTED","60.30","2026-02-06","2","Driver was late"
"Serhii","Fedorov","+380673130359","other","Yuliia","Oliinyk","+380736580384","DL729764","male","Hyundai Sonata","BC 5058 HT-663","Orange","Luxury","true","Lviv, Lychakivska St, 82","Lviv, Stryiska St, 140","1.98","IN_PROGRESS","65.08","2026-03-25","1","Smooth ride"
"Mariia","Fedorov","+380857476069","male","Oleksandr","Marchenko","+380697329178","DL413179","male","Subaru Legacy","BO 9980 BB-664","Yellow","Hatchback","true","Kyiv, Valova St, 5","Kyiv, Chornovola Ave, 63","2.82","FAILED","53.25","2026-03-08","5","Excellent service"
"Yuliia","Goncharenko","+380877287669","prefer not to say","Olena","Kovalenko","+380672812815","DL281804","prefer not to say","Toyota Camry","AT 5169 CX-665","Orange","SUV","true","Odesa, Khmelnitskoho St, 96","Odesa, Sichovykh Striltsiv St, 96","12.61","IN_PROGRESS","24.35","2026-02-16","4","Bad smell in cabin"
"Anna","Polishchuk","+380967180205","female","Volodymyr","Fedorov","+380867126162","DL230660","prefer not to say","Honda Accord","BO 8011 AA-666","Silver","SUV","true","Mykolaiv, Valova St, 56","Mykolaiv, Vasylkivska St, 1","12.03","REJECTED","38.10","2026-01-25","3","Driver was rude"
"Mariia","Oliinyk","+380993038633","other","Volodymyr","Khmelyov","+380725796555","DL300770","other","Mazda 6","BK 4813 AA-667","White","Hatchback","true","Mykolaiv, Lychakivska St, 129","Mykolaiv, Horodotska St, 101","12.44","ACCEPTED","74.28","2026-01-15","1","Highly recommend"
"Mariia","Sokolova","+380689784413","prefer not to say","Alina","Fedorov","+380713679635","DL699617","other","Nissan Altima","AX 3829 BB-668","Black","SUV","true","Mykolaiv, Valova St, 21","Mykolaiv, Stryiska St, 121","9.61","CANCELLED","37.55","2026-03-06","4","Not recommended"
"Olena","Sokolova","+380705685031","female","Yevhen","Lysenko","+380835151653","DL398244","male","BMW 5 Series","BT 2685 BB-669","Silver","Luxury","true","Odesa, Franka St, 13","Odesa, Sichovykh Striltsiv St, 79","9.41","COMPLETED","17.98","2026-01-09","3","Terrible service"
"Mariia","Melnyk","+380797729935","male","Serhii","Kravchenko","+380767251140","DL686566","prefer not to say","Mazda 6","BA 3025 HT-670","Dark Blue","Luxury","true","Dnipro, Horodotska St, 61","Dnipro, Khmelnitskoho St, 84","8.66","REJECTED","25.40","2026-03-26","1","Driver was late"
"Serhii","Shevchenko","+380969893157","other","Viktor","Bondarenko","+380709913865","DL737129","female","Volkswagen Passat","BM 2740 HT-671","Green","Sedan","true","Vinnytsia, Kulparkivska St, 88","Vinnytsia, Naukova St, 18","6.27","PENDING","43.06","2026-02-23","5","Highly recommend"
"Nataliia","Bondarenko","+380632582342","male","Iryna","Zaitsev","+380925178943","DL165451","prefer not to say","Honda Accord","AM 2495 AA-672","Green","Sedan","false","Kyiv, Shevchenka St, 104","Kyiv, Bandery St, 139","12.87","FAILED","22.93","2026-01-22","5","Not recommended"
"Kateryna","Marchenko","+380735814537","male","Olena","Marchenko","+380853895930","DL188020","other","Audi A4","AX 6082 BB-673","Black","Luxury","false","Lutsk, Kulparkivska St, 123","Lutsk, Franka St, 62","11.31","IN_PROGRESS","19.83","2026-03-04","4","Great trip!"
"Yuliia","Goncharenko","+380788872653","prefer not to say","Kateryna","Shevchenko","+380776925356","DL609129","prefer not to say","Toyota Camry","AO 4595 HT-674","Yellow","Luxury","true","Zaporizhzhia, Kulparkivska St, 41","Zaporizhzhia, Khmelnitskoho St, 19","10.44","PENDING","64.46","2026-03-02","2","Car was uncomfortable"
"Oleksandr","Kovalenko","+380669665203","male","Svitlana","Goncharenko","+380776192311","DL966284","male","Skoda Octavia","AO 4322 CX-675","White","Luxury","true","Mykolaiv, Kulparkivska St, 65","Mykolaiv, Zelena St, 81","4.21","FAILED","65.66","2026-03-02","5","Smooth ride"
"Pavlo","Lysenko","+380716644921","female","Kateryna","Bondarenko","+380987704032","DL257347","other","Renault Megane","AB 2747 II-676","Grey","Hatchback","true","Uzhhorod, Stryiska St, 67","Uzhhorod, Lychakivska St, 31","7.43","PENDING","38.18","2025-12-31","3","Car was uncomfortable"
"Oksana","Oliinyk","+380729884532","prefer not to say","Svitlana","Tkachenko","+380938739839","DL154519","male","Toyota Camry","BT 4821 II-677","Black","Sedan","true","Kharkiv, Sichovykh Striltsiv St, 53","Kharkiv, Vasylkivska St, 52","3.20","SCHEDULED","73.26","2025-12-31","3","Great trip!"
"Yuliia","Shevchenko","+380682960494","female","Mykola","Zaitsev","+380844509451","DL492532","prefer not to say","Ford Fusion","AB 3899 BB-678","Silver","Luxury","false","Ternopil, Valova St, 51","Ternopil, Naukova St, 56","3.27","REJECTED","70.15","2026-01-15","2","Driver was late"
"Volodymyr","Goncharenko","+380643403117","male","Viktor","Goncharenko","+380993075120","DL134099","male","Tesla Model 3","BM 5484 II-679","Green","Hatchback","true","Kyiv, Lychakivska St, 118","Kyiv, Horodotska St, 144","7.86","PENDING","28.68","2026-02-09","3","Highly recommend"
"Svitlana","Lysenko","+380789285540","other","Anna","Shevchenko","+380636421835","DL132374","female","Kia Optima","BB 9288 HT-680","Silver","SUV","true","Kherson, Bandery St, 113","Kherson, Valova St, 8","1.33","CANCELLED","56.02","2026-01-06","3","Car was uncomfortable"
"Oleksandr","Tkachenko","+380935426799","female","Alina","Fedorov","+380699100062","DL527803","male","Subaru Legacy","BO 9122 HT-681","Yellow","Luxury","true","Lviv, Stryiska St, 9","Lviv, Vasylkivska St, 4","15.11","ACCEPTED","43.69","2026-03-23","4","Will ride again"
"Iryna","Boyko","+380871547528","prefer not to say","Iryna","Shevchenko","+380711849327","DL509113","other","Renault Megane","AA 8034 AA-682","Green","Luxury","true","Kharkiv, Sichovykh Striltsiv St, 116","Kharkiv, Zelena St, 25","4.80","REJECTED","29.42","2026-01-12","2","Could be better"
"Olena","Oliinyk","+380632333048","female","Anna","Bondarenko","+380832800432","DL732369","prefer not to say","Renault Megane","AM 5176 HT-683","Black","Luxury","true","Ternopil, Horodotska St, 140","Ternopil, Khmelnitskoho St, 26","11.55","REJECTED","20.45","2026-02-19","4","Terrible service"
"Mariia","Kushnir","+380954303911","female","Andrii","Sokolova","+380641836307","DL149339","male","Renault Megane","AB 4143 BB-684","Black","SUV","true","Ternopil, Zelena St, 96","Ternopil, Shevchenka St, 7","1.93","CANCELLED","78.64","2026-01-07","5","Bad smell in cabin"
"Alina","Lysenko","+380701245378","other","Yevhen","Boyko","+380956618172","DL366789","female","Volkswagen Passat","AB 8785 HT-685","Black","SUV","true","Dnipro, Vasylkivska St, 108","Dnipro, Franka St, 5","15.03","FAILED","70.49","2026-03-19","4","Smooth ride"
"Anna","Polishchuk","+380903965011","male","Mariia","Hrytsenko","+380708091050","DL724434","female","Ford Fusion","BH 4568 BB-686","White","Sedan","false","Kherson, Zelena St, 25","Kherson, Stryiska St, 86","8.29","IN_PROGRESS","54.56","2026-03-08","3","Could be better"
"Svitlana","Tkachenko","+380893519126","other","Volodymyr","Oliinyk","+380796486594","DL193496","male","BMW 5 Series","BM 4201 II-687","Brown","Hatchback","true","Kyiv, Franka St, 90","Kyiv, Lychakivska St, 81","8.03","FAILED","58.95","2026-01-08","4","Great trip!"
"Andrii","Kravchenko","+380755750401","female","Olena","Polishchuk","+380973718467","DL784584","prefer not to say","Hyundai Sonata","BC 5253 BB-688","Brown","Luxury","true","Mykolaiv, Bandery St, 150","Mykolaiv, Kulparkivska St, 66","7.97","FAILED","56.72","2026-03-01","3","Terrible service"
"Anna","Oliinyk","+380722528171","male","Alina","Sokolova","+380636972643","DL261267","other","Kia Optima","AA 8466 CX-689","Yellow","Sedan","true","Kharkiv, Chornovola Ave, 113","Kharkiv, Lychakivska St, 37","3.79","PENDING","60.81","2026-03-26","4","Will ride again"
"Iryna","Goncharenko","+380691805763","prefer not to say","Viktor","Fedorov","+380657211192","DL315025","other","Skoda Octavia","AE 2136 BB-690","Silver","Hatchback","true","Uzhhorod, Horodotska St, 97","Uzhhorod, Pekarska St, 4","15.79","PENDING","61.59","2026-01-22","4","Will ride again"
"Oksana","Fedorov","+380915316569","male","Ivan","Khmelyov","+380811797004","DL800261","male","Tesla Model 3","BA 7520 CX-691","Grey","Sedan","true","Dnipro, Sichovykh Striltsiv St, 37","Dnipro, Valova St, 11","5.37","COMPLETED","53.61","2026-01-23","5","Excellent service"
"Yuliia","Lysenko","+380831928295","female","Mykola","Oliinyk","+380853284086","DL411854","female","Mercedes-Benz C-Class","BH 9002 II-692","White","Hatchback","true","Ternopil, Kulparkivska St, 51","Ternopil, Lychakivska St, 136","5.31","PENDING","109.35","2026-01-27","3","Excellent service"
"Andrii","Melnyk","+380838512520","male","Kateryna","Dovzhenko","+380952077157","DL354110","male","Toyota Camry","BA 7522 CX-693","Black","Sedan","true","Kharkiv, Vasylkivska St, 97","Kharkiv, Valova St, 15","3.77","REJECTED","27.95","2026-01-13","4","Highly recommend"
"Volodymyr","Oliinyk","+380935107944","female","Mykola","Hrytsenko","+380727784900","DL128253","female","Kia Optima","BT 5656 AA-694","Silver","Sedan","true","Vinnytsia, Pekarska St, 121","Vinnytsia, Zelena St, 17","11.81","FAILED","54.71","2026-02-04","5","Polite driver"
"Pavlo","Khmelyov","+380851117253","other","Viktor","Boyko","+380789849049","DL532321","other","Tesla Model 3","AM 6787 AA-695","Red","SUV","true","Chernivtsi, Shevchenka St, 99","Chernivtsi, Khmelnitskoho St, 86","1.41","CANCELLED","32.10","2026-01-13","1","Driver was late"
"Serhii","Oliinyk","+380683044872","prefer not to say","Nataliia","Goncharenko","+380723216670","DL821186","prefer not to say","Nissan Altima","AP 5913 CX-696","Black","Hatchback","true","Zaporizhzhia, Horodotska St, 70","Zaporizhzhia, Pekarska St, 86","5.76","COMPLETED","103.68","2026-03-05","5","Terrible service"
"Serhii","Marchenko","+380756646171","prefer not to say","Volodymyr","Polishchuk","+380763800959","DL885081","prefer not to say","Tesla Model 3","AT 9730 CX-697","Dark Blue","SUV","false","Uzhhorod, Lychakivska St, 87","Uzhhorod, Shevchenka St, 40","4.46","IN_PROGRESS","97.91","2026-01-16","2","Driver was late"
"Yuliia","Hrytsenko","+380966977607","prefer not to say","Anna","Tkachenko","+380893573113","DL681058","male","Honda Accord","AA 3509 AA-698","Silver","SUV","true","Odesa, Stryiska St, 60","Odesa, Zelena St, 133","13.45","CANCELLED","75.31","2026-03-17","3","Great trip!"
"Oksana","Marchenko","+380731702595","prefer not to say","Serhii","Marchenko","+380897600497","DL883918","prefer not to say","Mazda 6","AA 6571 AA-699","Silver","Hatchback","true","Lutsk, Sichovykh Striltsiv St, 140","Lutsk, Kulparkivska St, 144","15.91","COMPLETED","53.76","2026-01-11","5","Not recommended"
"Mykola","Polishchuk","+380775591441","prefer not to say","Kateryna","Khmelyov","+380778428045","DL662639","prefer not to say","Nissan Altima","AE 6702 AA-700","White","SUV","true","Lviv, Chornovola Ave, 91","Lviv, Sichovykh Striltsiv St, 137","4.94","COMPLETED","63.00","2026-03-10","5","Smooth ride"
"Nataliia","Marchenko","+380637969543","other","Pavlo","Melnyk","+380839032645","DL269236","female","Mazda 6","BH 1615 AA-701","White","Luxury","true","Rivne, Horodotska St, 6","Rivne, Horodotska St, 48","4.09","FAILED","25.80","2026-02-23","4","Very clean car"
"Olena","Polishchuk","+380953841017","male","Alina","Bondarenko","+380754666113","DL378674","prefer not to say","Skoda Octavia","BB 3569 AA-702","Yellow","SUV","true","Vinnytsia, Chornovola Ave, 124","Vinnytsia, Sichovykh Striltsiv St, 99","4.12","FAILED","102.49","2026-02-08","5","Smooth ride"
"Mykola","Oliinyk","+380821629820","other","Svitlana","Sokolova","+380648182107","DL952208","female","Mazda 6","AO 7948 HT-703","Silver","SUV","true","Lviv, Shevchenka St, 149","Lviv, Horodotska St, 121","9.09","PENDING","83.32","2026-03-04","2","Excellent service"
"Nataliia","Goncharenko","+380961924545","male","Yuliia","Hrytsenko","+380707972789","DL570924","female","Hyundai Sonata","AO 8083 HT-704","Red","Hatchback","true","Lutsk, Franka St, 110","Lutsk, Zelena St, 71","10.76","SCHEDULED","12.11","2026-03-08","1","Bad smell in cabin"
"Nataliia","Kushnir","+380865704516","female","Oleksandr","Bondarenko","+380716663518","DL297079","other","Honda Accord","BH 4048 CX-705","Yellow","Hatchback","true","Chernivtsi, Chornovola Ave, 111","Chernivtsi, Naukova St, 148","9.37","REJECTED","93.29","2026-03-27","3","Driver was rude"
"Dmytro","Sokolova","+380645606820","other","Alina","Shevchenko","+380765238085","DL830771","male","Mercedes-Benz C-Class","BM 8469 HT-706","Yellow","Sedan","true","Ivano-Frankivsk, Chornovola Ave, 19","Ivano-Frankivsk, Bandery St, 2","6.58","IN_PROGRESS","91.30","2026-03-24","3","Will ride again"
"Alina","Goncharenko","+380958175060","prefer not to say","Svitlana","Sokolova","+380681764894","DL300261","male","BMW 5 Series","BH 8903 BB-707","Green","Sedan","true","Kharkiv, Valova St, 88","Kharkiv, Vasylkivska St, 59","4.22","CANCELLED","102.26","2026-03-19","4","Excellent service"
"Andrii","Bondarenko","+380998128858","prefer not to say","Mykola","Fedorov","+380815685370","DL926838","male","Mercedes-Benz C-Class","BT 8160 BB-708","Dark Blue","Luxury","true","Ivano-Frankivsk, Bandery St, 64","Ivano-Frankivsk, Sichovykh Striltsiv St, 126","4.57","COMPLETED","100.76","2026-02-13","3","Bad smell in cabin"
"Iryna","Oliinyk","+380993452470","female","Iryna","Bondarenko","+380747849270","DL536294","prefer not to say","Hyundai Sonata","BT 1455 CX-709","Red","Luxury","true","Lutsk, Pekarska St, 79","Lutsk, Khmelnitskoho St, 128","12.68","ACCEPTED","52.29","2026-03-23","3","Amazing experience"
"Mykola","Sokolova","+380689062850","female","Pavlo","Bondarenko","+380754849162","DL183690","prefer not to say","Audi A4","AE 2391 AA-710","White","Luxury","true","Dnipro, Chornovola Ave, 76","Dnipro, Kulparkivska St, 118","14.65","CANCELLED","76.47","2026-01-05","4","Could be better"
"Svitlana","Kravchenko","+380972297195","female","Anna","Bondarenko","+380725916331","DL799789","male","Nissan Altima","AT 7373 II-711","Black","Luxury","true","Dnipro, Chornovola Ave, 85","Dnipro, Horodotska St, 40","2.36","FAILED","108.77","2026-02-24","1","Will ride again"
"Pavlo","Bondarenko","+380908239135","female","Alina","Lysenko","+380704226334","DL244059","prefer not to say","Kia Optima","AT 4671 CX-712","Grey","Sedan","true","Zaporizhzhia, Pekarska St, 100","Zaporizhzhia, Lychakivska St, 149","13.76","FAILED","22.35","2026-03-23","4","Could be better"
"Dmytro","Tkachenko","+380687616930","male","Alina","Kovalenko","+380701044568","DL385155","female","Mercedes-Benz C-Class","BB 7504 HT-713","Red","Hatchback","true","Mykolaiv, Zelena St, 93","Mykolaiv, Zelena St, 113","9.08","REJECTED","64.36","2026-02-06","3","Excellent service"
"Oleksandr","Hrytsenko","+380983150640","female","Oksana","Kushnir","+380867502336","DL559618","prefer not to say","Skoda Octavia","BC 6227 HT-714","White","SUV","true","Rivne, Valova St, 50","Rivne, Pekarska St, 33","15.53","PENDING","73.10","2026-02-16","4","Polite driver"
"Viktor","Melnyk","+380807356929","other","Andrii","Hrytsenko","+380861395860","DL453666","female","Renault Megane","BC 7447 BB-715","Yellow","Sedan","true","Lviv, Zelena St, 14","Lviv, Valova St, 116","8.64","REJECTED","58.95","2026-02-17","1","Great trip!"
"Oleksandr","Oliinyk","+380933375447","other","Anna","Zaitsev","+380924716371","DL181664","other","Tesla Model 3","AX 5390 HT-716","Brown","Sedan","false","Chernivtsi, Pekarska St, 76","Chernivtsi, Pekarska St, 28","3.53","CANCELLED","15.83","2026-02-15","5","Could be better"
"Viktor","Tkachenko","+380755680746","female","Viktor","Hrytsenko","+380734453911","DL921837","male","Kia Optima","BM 7782 II-717","Red","Luxury","true","Vinnytsia, Shevchenka St, 137","Vinnytsia, Kulparkivska St, 106","10.71","PENDING","30.36","2026-03-03","1","Excellent service"
"Yevhen","Khmelyov","+380778485564","prefer not to say","Dmytro","Zaitsev","+380981603513","DL172797","female","Nissan Altima","BI 8787 CX-718","Dark Blue","Hatchback","true","Dnipro, Sichovykh Striltsiv St, 16","Dnipro, Bandery St, 117","14.79","IN_PROGRESS","60.93","2026-03-22","2","Very clean car"
"Olena","Kovalenko","+380739420629","prefer not to say","Alina","Dovzhenko","+380789657096","DL287723","male","Volkswagen Passat","AB 7099 AA-719","Green","Luxury","false","Odesa, Khmelnitskoho St, 10","Odesa, Chornovola Ave, 138","6.14","IN_PROGRESS","93.69","2026-01-14","2","Bad smell in cabin"
"Ivan","Hrytsenko","+380849550251","prefer not to say","Kateryna","Lysenko","+380983139816","DL397973","male","Toyota Camry","AP 1002 CX-720","Yellow","Luxury","false","Uzhhorod, Sichovykh Striltsiv St, 49","Uzhhorod, Zelena St, 141","9.02","FAILED","39.24","2026-01-09","1","Polite driver"
"Andrii","Dovzhenko","+380667332173","male","Mykola","Tkachenko","+380703773624","DL233435","male","Tesla Model 3","AB 2009 CX-721","Green","Luxury","true","Uzhhorod, Khmelnitskoho St, 98","Uzhhorod, Sichovykh Striltsiv St, 12","14.66","SCHEDULED","72.35","2026-01-04","3","Great trip!"
"Yuliia","Boyko","+380934479844","prefer not to say","Kateryna","Goncharenko","+380887119788","DL220880","female","BMW 5 Series","BK 7865 BB-722","Red","SUV","true","Dnipro, Valova St, 8","Dnipro, Naukova St, 68","7.61","COMPLETED","10.10","2026-02-10","1","Driver was late"
"Volodymyr","Boyko","+380921114700","other","Andrii","Goncharenko","+380835285014","DL581394","other","Volkswagen Passat","BT 7012 II-723","Red","Sedan","false","Ivano-Frankivsk, Kulparkivska St, 7","Ivano-Frankivsk, Naukova St, 41","3.65","ACCEPTED","99.77","2026-03-01","4","Great trip!"
"Volodymyr","Oliinyk","+380911975663","other","Alina","Fedorov","+380682688474","DL264426","other","Kia Optima","BM 6657 HT-724","Orange","SUV","true","Kherson, Shevchenka St, 54","Kherson, Kulparkivska St, 145","1.61","IN_PROGRESS","46.84","2026-02-16","4","Polite driver"
"Olena","Sokolova","+380784846203","female","Volodymyr","Bondarenko","+380852363468","DL921096","prefer not to say","Mercedes-Benz C-Class","AX 3435 BB-725","Grey","SUV","true","Uzhhorod, Chornovola Ave, 113","Uzhhorod, Sichovykh Striltsiv St, 94","10.06","REJECTED","67.73","2026-01-03","5","Smooth ride"
"Pavlo","Tkachenko","+380947408416","prefer not to say","Nataliia","Hrytsenko","+380867072326","DL120190","female","Renault Megane","AM 4235 BB-726","Silver","Hatchback","false","Zaporizhzhia, Vasylkivska St, 66","Zaporizhzhia, Bandery St, 13","5.29","COMPLETED","23.78","2026-02-11","5","Amazing experience"
"Andrii","Goncharenko","+380749743161","male","Oleksandr","Boyko","+380898945269","DL758115","other","Ford Fusion","BE 2145 HT-727","Dark Blue","Sedan","true","Lutsk, Stryiska St, 16","Lutsk, Pekarska St, 50","7.87","PENDING","85.11","2026-01-04","5","Not recommended"
"Volodymyr","Melnyk","+380732369097","female","Volodymyr","Lysenko","+380811881990","DL660353","male","Mazda 6","BC 5595 AA-728","Brown","Luxury","true","Kherson, Valova St, 120","Kherson, Valova St, 6","7.16","REJECTED","104.60","2026-01-03","1","Polite driver"
"Yevhen","Oliinyk","+380932713695","other","Mykola","Khmelyov","+380686779759","DL135227","prefer not to say","Subaru Legacy","AE 2756 BB-729","Silver","Luxury","true","Lutsk, Vasylkivska St, 25","Lutsk, Naukova St, 103","9.65","COMPLETED","41.12","2026-01-27","3","Excellent service"
"Nataliia","Dovzhenko","+380781155634","other","Viktor","Khmelyov","+380672204659","DL934672","other","Mercedes-Benz C-Class","BB 3788 II-730","Black","Sedan","true","Kyiv, Pekarska St, 113","Kyiv, Sichovykh Striltsiv St, 103","12.20","CANCELLED","34.82","2026-02-05","2","Will ride again"
"Yevhen","Sokolova","+380881861933","other","Volodymyr","Oliinyk","+380691543249","DL690181","male","Audi A4","BA 9704 CX-731","Green","Luxury","true","Chernivtsi, Bandery St, 33","Chernivtsi, Kulparkivska St, 34","5.75","REJECTED","98.20","2026-02-01","2","Smooth ride"
"Kateryna","Zaitsev","+380762875521","prefer not to say","Oleksandr","Tkachenko","+380954709619","DL572703","prefer not to say","Toyota Camry","BA 4102 HT-732","Silver","Luxury","true","Mykolaiv, Valova St, 87","Mykolaiv, Chornovola Ave, 29","7.78","PENDING","94.16","2026-01-10","4","Great trip!"
"Andrii","Dovzhenko","+380989838579","other","Alina","Kushnir","+380906414597","DL117493","male","Mazda 6","BH 4408 BB-733","Silver","Sedan","true","Vinnytsia, Pekarska St, 50","Vinnytsia, Stryiska St, 81","7.29","PENDING","56.57","2026-02-16","3","Driver was late"
"Yevhen","Lysenko","+380998467742","prefer not to say","Yevhen","Shevchenko","+380872135710","DL243735","male","Honda Accord","BB 9788 AA-734","Dark Blue","Sedan","false","Dnipro, Khmelnitskoho St, 102","Dnipro, Zelena St, 110","10.14","FAILED","21.54","2026-03-24","3","Bad smell in cabin"
"Ivan","Bondarenko","+380669457850","prefer not to say","Nataliia","Zaitsev","+380754027880","DL829654","female","Nissan Altima","BC 7460 AA-735","Dark Blue","Sedan","true","Chernivtsi, Pekarska St, 99","Chernivtsi, Lychakivska St, 127","10.99","PENDING","42.26","2026-03-06","4","Great trip!"
"Oksana","Kushnir","+380654862568","other","Anna","Hrytsenko","+380754221517","DL465490","male","Nissan Altima","BA 7182 AA-736","Green","Sedan","true","Odesa, Horodotska St, 31","Odesa, Kulparkivska St, 23","4.82","FAILED","77.54","2026-02-25","4","Will ride again"
"Ivan","Melnyk","+380842926829","male","Oleksandr","Tkachenko","+380794691124","DL256693","female","Volkswagen Passat","BA 5989 AA-737","Silver","SUV","false","Zaporizhzhia, Kulparkivska St, 119","Zaporizhzhia, Vasylkivska St, 130","7.17","IN_PROGRESS","53.41","2026-02-02","2","Very clean car"
"Nataliia","Tkachenko","+380847268857","male","Mariia","Marchenko","+380991974714","DL433971","other","Hyundai Sonata","AX 7520 II-738","Brown","Luxury","true","Mykolaiv, Shevchenka St, 66","Mykolaiv, Vasylkivska St, 83","5.14","IN_PROGRESS","53.94","2026-03-13","1","Not recommended"
"Anna","Goncharenko","+380998097484","prefer not to say","Olena","Boyko","+380978588295","DL159730","other","Volkswagen Passat","BA 3234 II-739","Silver","Sedan","true","Odesa, Chornovola Ave, 118","Odesa, Bandery St, 137","4.96","REJECTED","89.12","2026-02-15","2","Very clean car"
"Ivan","Kushnir","+380731302851","prefer not to say","Dmytro","Hrytsenko","+380734401505","DL870495","prefer not to say","Skoda Octavia","BA 3130 II-740","Silver","SUV","true","Lutsk, Bandery St, 3","Lutsk, Horodotska St, 4","11.02","IN_PROGRESS","97.01","2026-01-10","3","Car was uncomfortable"
"Volodymyr","Kravchenko","+380807667362","male","Yevhen","Kovalenko","+380939276721","DL965715","male","Honda Accord","AA 4488 HT-741","Orange","Hatchback","true","Kherson, Shevchenka St, 108","Kherson, Lychakivska St, 51","3.73","SCHEDULED","95.41","2026-02-06","1","Will ride again"
"Pavlo","Khmelyov","+380955039069","female","Anna","Shevchenko","+380731085559","DL512598","female","Nissan Altima","AB 8846 CX-742","Grey","SUV","true","Rivne, Naukova St, 82","Rivne, Bandery St, 55","5.65","CANCELLED","73.13","2026-01-01","5","Not recommended"
"Olena","Zaitsev","+380633487892","prefer not to say","Olena","Goncharenko","+380708015910","DL300630","male","Mercedes-Benz C-Class","BT 8347 II-743","Grey","Hatchback","true","Lutsk, Sichovykh Striltsiv St, 83","Lutsk, Bandery St, 77","9.98","COMPLETED","80.57","2026-01-09","1","Highly recommend"
"Iryna","Khmelyov","+380772127467","male","Viktor","Kravchenko","+380705098994","DL572707","female","Volkswagen Passat","AP 6060 II-744","Grey","Hatchback","false","Lviv, Shevchenka St, 135","Lviv, Franka St, 149","3.08","COMPLETED","13.40","2026-01-12","5","Amazing experience"
"Anna","Melnyk","+380702499666","prefer not to say","Dmytro","Boyko","+380676644538","DL304826","male","Subaru Legacy","AA 7997 AA-745","Silver","Sedan","false","Lutsk, Lychakivska St, 15","Lutsk, Chornovola Ave, 123","5.17","FAILED","75.71","2026-01-31","2","Very clean car"
"Oksana","Marchenko","+380914080983","prefer not to say","Kateryna","Goncharenko","+380782754890","DL687706","female","Honda Accord","BA 7883 CX-746","Silver","SUV","true","Ternopil, Sichovykh Striltsiv St, 128","Ternopil, Vasylkivska St, 22","13.12","SCHEDULED","98.51","2026-01-24","2","Amazing experience"
"Serhii","Dovzhenko","+380648923148","prefer not to say","Ivan","Sokolova","+380738332385","DL419750","female","Ford Fusion","BB 7871 HT-747","Yellow","SUV","true","Ivano-Frankivsk, Vasylkivska St, 84","Ivano-Frankivsk, Valova St, 134","3.79","ACCEPTED","29.65","2026-01-07","4","Smooth ride"
"Pavlo","Kovalenko","+380736046472","other","Nataliia","Kovalenko","+380844301943","DL899673","other","Honda Accord","BH 9822 HT-748","Dark Blue","Hatchback","true","Kharkiv, Valova St, 127","Kharkiv, Khmelnitskoho St, 83","14.33","FAILED","83.17","2026-03-23","1","Great trip!"
"Nataliia","Oliinyk","+380972869433","prefer not to say","Olena","Melnyk","+380902795371","DL845027","other","Ford Fusion","BO 6768 AA-749","Brown","SUV","true","Uzhhorod, Zelena St, 54","Uzhhorod, Shevchenka St, 116","1.15","SCHEDULED","35.60","2026-02-16","4","Not recommended"
"Volodymyr","Khmelyov","+380731837894","other","Andrii","Sokolova","+380918219414","DL101097","other","Subaru Legacy","BH 5175 II-750","Green","SUV","true","Odesa, Khmelnitskoho St, 116","Odesa, Pekarska St, 57","1.18","PENDING","100.36","2026-02-05","5","Terrible service"
"Mykola","Lysenko","+380912648838","other","Mykola","Shevchenko","+380713662919","DL829104","prefer not to say","Tesla Model 3","BM 3340 II-751","Green","Hatchback","true","Ternopil, Sichovykh Striltsiv St, 148","Ternopil, Stryiska St, 68","12.19","COMPLETED","39.83","2026-02-28","4","Driver was late"
"Oleksandr","Kravchenko","+380951954313","prefer not to say","Mykola","Sokolova","+380834153197","DL797058","other","BMW 5 Series","BC 1723 CX-752","Yellow","SUV","true","Kherson, Pekarska St, 118","Kherson, Lychakivska St, 58","10.39","IN_PROGRESS","21.12","2026-03-11","1","Car was uncomfortable"
"Oksana","Zaitsev","+380696867780","prefer not to say","Volodymyr","Zaitsev","+380806859386","DL589826","other","Renault Megane","BO 2480 HT-753","Green","Sedan","false","Kherson, Naukova St, 63","Kherson, Kulparkivska St, 60","15.35","FAILED","95.50","2026-01-16","3","Polite driver"
"Yuliia","Tkachenko","+380721235563","other","Svitlana","Dovzhenko","+380802494113","DL585941","other","Hyundai Sonata","AP 7950 BB-754","Brown","SUV","true","Rivne, Khmelnitskoho St, 66","Rivne, Naukova St, 124","10.81","ACCEPTED","109.51","2026-02-02","2","Bad smell in cabin"
"Serhii","Marchenko","+380883280721","other","Serhii","Tkachenko","+380777133717","DL565197","male","Nissan Altima","AT 1418 AA-755","Dark Blue","Luxury","true","Kherson, Valova St, 67","Kherson, Vasylkivska St, 23","6.85","IN_PROGRESS","76.36","2026-01-27","3","Driver was rude"
"Svitlana","Hrytsenko","+380653669930","male","Mykola","Polishchuk","+380795383088","DL329595","prefer not to say","Audi A4","AB 8943 HT-756","Grey","Luxury","true","Mykolaiv, Bandery St, 87","Mykolaiv, Franka St, 26","9.85","IN_PROGRESS","104.20","2026-01-11","5","Excellent service"
"Olena","Zaitsev","+380663248084","prefer not to say","Dmytro","Oliinyk","+380709668768","DL472859","male","Nissan Altima","BT 1167 HT-757","Brown","Sedan","true","Ivano-Frankivsk, Horodotska St, 23","Ivano-Frankivsk, Shevchenka St, 143","7.38","IN_PROGRESS","104.22","2026-03-25","5","Bad smell in cabin"
"Dmytro","Bondarenko","+380636531913","other","Kateryna","Sokolova","+380748808920","DL895717","male","Kia Optima","BC 6823 BB-758","Red","Luxury","false","Ternopil, Lychakivska St, 101","Ternopil, Vasylkivska St, 59","5.93","REJECTED","23.65","2026-01-19","3","Driver was rude"
"Yuliia","Polishchuk","+380874185493","prefer not to say","Kateryna","Lysenko","+380787780592","DL348435","other","Volkswagen Passat","AM 7092 CX-759","Brown","Luxury","true","Uzhhorod, Naukova St, 120","Uzhhorod, Horodotska St, 51","3.56","FAILED","71.26","2026-03-12","4","Smooth ride"
"Volodymyr","Lysenko","+380857345968","male","Kateryna","Lysenko","+380871933336","DL486104","female","Mercedes-Benz C-Class","BK 4987 CX-760","Green","Sedan","true","Ternopil, Lychakivska St, 6","Ternopil, Khmelnitskoho St, 131","9.57","PENDING","11.29","2026-02-14","1","Excellent service"
"Svitlana","Dovzhenko","+380723946471","other","Nataliia","Marchenko","+380855744306","DL162725","female","Honda Accord","AP 3602 BB-761","Green","Hatchback","false","Ternopil, Shevchenka St, 7","Ternopil, Lychakivska St, 17","10.99","CANCELLED","104.83","2026-02-07","3","Could be better"
"Mykola","Kushnir","+380996344352","male","Pavlo","Kushnir","+380816658634","DL649793","female","Ford Fusion","BT 9744 CX-762","Black","Sedan","true","Ternopil, Stryiska St, 22","Ternopil, Franka St, 99","1.09","IN_PROGRESS","70.63","2026-02-14","5","Excellent service"
"Kateryna","Lysenko","+380902678992","male","Iryna","Marchenko","+380697876959","DL108355","other","Audi A4","BM 2288 II-763","Black","Hatchback","true","Vinnytsia, Zelena St, 17","Vinnytsia, Shevchenka St, 64","12.25","SCHEDULED","27.48","2026-02-26","3","Driver was rude"
"Mykola","Sokolova","+380915077011","other","Oleksandr","Kovalenko","+380725469094","DL674997","male","Audi A4","BK 6608 II-764","Yellow","Luxury","true","Chernivtsi, Khmelnitskoho St, 60","Chernivtsi, Vasylkivska St, 94","6.21","REJECTED","34.37","2026-03-05","5","Amazing experience"
"Volodymyr","Melnyk","+380843375208","prefer not to say","Ivan","Shevchenko","+380934467958","DL350389","other","Subaru Legacy","BA 7411 AA-765","Green","Luxury","true","Ivano-Frankivsk, Chornovola Ave, 133","Ivano-Frankivsk, Bandery St, 45","4.71","CANCELLED","20.83","2026-02-13","3","Could be better"
"Iryna","Kravchenko","+380679859427","other","Svitlana","Bondarenko","+380932136650","DL388540","female","Mercedes-Benz C-Class","BC 5010 HT-766","Silver","Luxury","true","Odesa, Kulparkivska St, 19","Odesa, Sichovykh Striltsiv St, 111","5.87","PENDING","69.15","2026-03-27","5","Very clean car"
"Iryna","Kravchenko","+380768643726","female","Oksana","Dovzhenko","+380999140434","DL931195","other","Nissan Altima","AO 2969 BB-767","Dark Blue","SUV","true","Ternopil, Shevchenka St, 62","Ternopil, Zelena St, 46","4.61","SCHEDULED","18.59","2026-02-12","4","Driver was rude"
"Dmytro","Oliinyk","+380813049374","female","Oksana","Dovzhenko","+380969511552","DL827415","male","Tesla Model 3","BM 1743 AA-768","Brown","Luxury","true","Kyiv, Chornovola Ave, 23","Kyiv, Shevchenka St, 17","12.89","IN_PROGRESS","54.81","2026-02-07","5","Highly recommend"
"Olena","Melnyk","+380768540912","female","Viktor","Hrytsenko","+380674022797","DL754403","male","Ford Fusion","BA 6131 AA-769","Yellow","Sedan","false","Mykolaiv, Kulparkivska St, 83","Mykolaiv, Sichovykh Striltsiv St, 12","2.36","CANCELLED","104.80","2026-03-15","1","Amazing experience"
"Mariia","Goncharenko","+380739102075","male","Andrii","Tkachenko","+380888125158","DL782114","male","Hyundai Sonata","AO 1682 II-770","White","SUV","true","Kharkiv, Naukova St, 123","Kharkiv, Pekarska St, 54","4.65","ACCEPTED","46.80","2026-03-02","2","Not recommended"
"Alina","Melnyk","+380804970280","female","Mariia","Kushnir","+380929602483","DL859611","female","Tesla Model 3","AB 1411 AA-771","Dark Blue","Luxury","true","Zaporizhzhia, Bandery St, 63","Zaporizhzhia, Bandery St, 62","12.03","REJECTED","84.33","2026-03-05","5","Terrible service"
"Mariia","Oliinyk","+380739367096","male","Mariia","Kovalenko","+380819715184","DL436680","male","Nissan Altima","BC 8855 HT-772","White","Luxury","true","Lutsk, Sichovykh Striltsiv St, 56","Lutsk, Sichovykh Striltsiv St, 128","10.84","FAILED","74.76","2026-02-19","4","Smooth ride"
"Iryna","Lysenko","+380882934824","other","Alina","Boyko","+380778237024","DL133743","prefer not to say","Audi A4","BO 5289 II-773","White","SUV","true","Lutsk, Khmelnitskoho St, 119","Lutsk, Valova St, 45","3.27","COMPLETED","34.28","2026-01-09","5","Bad smell in cabin"
"Ivan","Shevchenko","+380933858562","female","Volodymyr","Goncharenko","+380931565556","DL531079","male","Hyundai Sonata","AE 3434 AA-774","Green","Luxury","false","Ivano-Frankivsk, Valova St, 9","Ivano-Frankivsk, Lychakivska St, 12","12.50","FAILED","101.77","2026-01-12","1","Could be better"
"Andrii","Oliinyk","+380988382277","male","Mariia","Lysenko","+380915593752","DL683421","other","Subaru Legacy","AX 7759 AA-775","Red","Luxury","true","Dnipro, Vasylkivska St, 93","Dnipro, Bandery St, 11","4.48","IN_PROGRESS","72.65","2026-02-11","3","Could be better"
"Dmytro","Zaitsev","+380795779885","other","Yuliia","Lysenko","+380973946173","DL533265","male","Honda Accord","BB 4207 HT-776","Orange","Luxury","true","Lutsk, Bandery St, 20","Lutsk, Bandery St, 132","9.95","FAILED","96.76","2026-03-06","5","Bad smell in cabin"
"Svitlana","Sokolova","+380882865406","prefer not to say","Alina","Tkachenko","+380678350709","DL672591","male","Audi A4","BM 5331 BB-777","Black","Hatchback","true","Vinnytsia, Bandery St, 15","Vinnytsia, Naukova St, 94","2.19","IN_PROGRESS","45.92","2026-03-14","5","Very clean car"
"Mykola","Bondarenko","+380707085815","male","Mariia","Dovzhenko","+380868909224","DL409109","female","Honda Accord","BK 8006 CX-778","Silver","Sedan","true","Ternopil, Shevchenka St, 95","Ternopil, Horodotska St, 60","14.17","IN_PROGRESS","49.81","2026-03-27","3","Terrible service"
"Serhii","Oliinyk","+380746977215","prefer not to say","Iryna","Goncharenko","+380996068121","DL721740","male","Toyota Camry","BC 9679 BB-779","Red","Luxury","true","Zaporizhzhia, Zelena St, 84","Zaporizhzhia, Bandery St, 50","7.27","PENDING","109.90","2026-01-01","5","Great trip!"
"Viktor","Zaitsev","+380654236609","other","Dmytro","Fedorov","+380732809291","DL416217","female","Kia Optima","AP 7070 BB-780","Silver","Hatchback","true","Odesa, Valova St, 150","Odesa, Horodotska St, 60","13.96","CANCELLED","70.12","2026-01-24","4","Driver was late"
"Yuliia","Kravchenko","+380854149863","female","Serhii","Bondarenko","+380818376614","DL539992","prefer not to say","Tesla Model 3","AO 4343 AA-781","Grey","Luxury","true","Dnipro, Franka St, 147","Dnipro, Sichovykh Striltsiv St, 82","10.63","SCHEDULED","70.50","2026-03-02","1","Driver was late"
"Kateryna","Boyko","+380827339339","male","Alina","Zaitsev","+380853966810","DL793290","male","Renault Megane","BE 6391 II-782","Red","Sedan","true","Kyiv, Chornovola Ave, 141","Kyiv, Franka St, 76","8.80","REJECTED","94.51","2026-02-04","4","Bad smell in cabin"
"Kateryna","Marchenko","+380742142142","male","Oleksandr","Dovzhenko","+380757683892","DL406880","other","Honda Accord","AT 8141 II-783","White","SUV","true","Odesa, Lychakivska St, 36","Odesa, Naukova St, 123","4.45","IN_PROGRESS","18.23","2026-02-15","2","Excellent service"
"Dmytro","Dovzhenko","+380879603719","male","Andrii","Bondarenko","+380821228992","DL858993","other","Audi A4","BB 6465 AA-784","Grey","Sedan","true","Kharkiv, Horodotska St, 3","Kharkiv, Shevchenka St, 97","8.34","REJECTED","22.37","2026-01-26","3","Highly recommend"
"Kateryna","Goncharenko","+380684663090","male","Pavlo","Oliinyk","+380923918934","DL320156","female","Honda Accord","AP 8771 BB-785","Green","Luxury","true","Vinnytsia, Lychakivska St, 94","Vinnytsia, Pekarska St, 136","15.86","COMPLETED","84.18","2026-01-06","3","Very clean car"
"Yevhen","Dovzhenko","+380696044144","female","Oksana","Sokolova","+380842990287","DL662907","female","Nissan Altima","BO 4426 HT-786","Brown","SUV","true","Chernivtsi, Lychakivska St, 15","Chernivtsi, Franka St, 144","4.27","FAILED","93.01","2026-02-04","4","Car was uncomfortable"
"Oksana","Boyko","+380649543562","prefer not to say","Alina","Kravchenko","+380677433879","DL329687","female","BMW 5 Series","BI 9007 II-787","Brown","Luxury","true","Uzhhorod, Shevchenka St, 138","Uzhhorod, Franka St, 27","10.62","FAILED","37.24","2026-03-11","3","Polite driver"
"Anna","Khmelyov","+380636190587","male","Olena","Bondarenko","+380713981090","DL362102","other","Mercedes-Benz C-Class","BE 2148 II-788","Black","Sedan","true","Kharkiv, Naukova St, 140","Kharkiv, Stryiska St, 27","13.06","IN_PROGRESS","107.25","2026-02-17","3","Terrible service"
"Dmytro","Goncharenko","+380982057969","female","Alina","Hrytsenko","+380743280831","DL407112","prefer not to say","Mazda 6","BK 9437 AA-789","Red","Hatchback","false","Uzhhorod, Kulparkivska St, 22","Uzhhorod, Vasylkivska St, 5","6.57","IN_PROGRESS","105.87","2026-02-18","4","Driver was rude"
"Andrii","Polishchuk","+380726303156","other","Oleksandr","Kushnir","+380903524594","DL521595","male","Ford Fusion","BA 6770 CX-790","Dark Blue","Hatchback","true","Lviv, Vasylkivska St, 57","Lviv, Chornovola Ave, 62","11.83","IN_PROGRESS","52.01","2026-01-20","3","Very clean car"
"Alina","Melnyk","+380744757651","other","Kateryna","Marchenko","+380646782317","DL275866","other","Mercedes-Benz C-Class","AP 6646 CX-791","White","Hatchback","true","Uzhhorod, Franka St, 71","Uzhhorod, Shevchenka St, 63","12.71","REJECTED","73.17","2026-02-17","5","Not recommended"
"Anna","Hrytsenko","+380968629381","prefer not to say","Anna","Goncharenko","+380925203796","DL391756","prefer not to say","Hyundai Sonata","BH 6147 HT-792","Yellow","Sedan","true","Kyiv, Bandery St, 37","Kyiv, Bandery St, 7","4.38","CANCELLED","41.24","2026-03-01","3","Polite driver"
"Pavlo","Tkachenko","+380829562309","other","Viktor","Hrytsenko","+380864820577","DL243184","other","Honda Accord","AA 4112 HT-793","Grey","SUV","true","Mykolaiv, Kulparkivska St, 5","Mykolaiv, Kulparkivska St, 73","2.33","FAILED","90.68","2026-02-09","5","Driver was late"
"Iryna","Marchenko","+380707808264","prefer not to say","Yuliia","Boyko","+380836445789","DL826500","female","Toyota Camry","BH 8819 AA-794","White","Hatchback","true","Uzhhorod, Lychakivska St, 130","Uzhhorod, Horodotska St, 14","12.53","COMPLETED","10.86","2026-03-26","4","Amazing experience"
"Mykola","Sokolova","+380934413189","other","Yevhen","Goncharenko","+380715267682","DL616536","prefer not to say","Renault Megane","BT 4648 HT-795","Dark Blue","Hatchback","true","Chernivtsi, Valova St, 91","Chernivtsi, Vasylkivska St, 106","11.68","COMPLETED","100.28","2026-01-12","1","Not recommended"
"Oleksandr","Melnyk","+380808709895","other","Svitlana","Dovzhenko","+380797241223","DL528585","prefer not to say","Mercedes-Benz C-Class","AM 4038 HT-796","Yellow","Luxury","true","Zaporizhzhia, Khmelnitskoho St, 77","Zaporizhzhia, Zelena St, 73","8.58","IN_PROGRESS","56.37","2026-01-01","5","Driver was rude"
"Iryna","Marchenko","+380808387658","prefer not to say","Volodymyr","Melnyk","+380633417925","DL528022","prefer not to say","Skoda Octavia","BE 4481 AA-797","Orange","Sedan","true","Dnipro, Horodotska St, 80","Dnipro, Sichovykh Striltsiv St, 19","12.37","PENDING","81.33","2026-01-05","4","Polite driver"
"Viktor","Lysenko","+380737485000","male","Mariia","Sokolova","+380946810668","DL269105","male","Ford Fusion","AM 8954 HT-798","White","Luxury","false","Odesa, Shevchenka St, 74","Odesa, Pekarska St, 116","1.97","SCHEDULED","98.02","2026-03-12","3","Car was uncomfortable"
"Yevhen","Kravchenko","+380903869552","male","Oleksandr","Melnyk","+380875938191","DL952950","female","Mazda 6","AA 8150 BB-799","Yellow","SUV","true","Kherson, Sichovykh Striltsiv St, 63","Kherson, Khmelnitskoho St, 31","3.21","PENDING","88.25","2026-02-04","4","Not recommended"
"Serhii","Lysenko","+380988345398","prefer not to say","Dmytro","Shevchenko","+380685923830","DL563970","prefer not to say","Mazda 6","AX 6424 II-800","Orange","Hatchback","true","Ternopil, Pekarska St, 132","Ternopil, Khmelnitskoho St, 24","14.63","SCHEDULED","41.40","2026-01-22","1","Will ride again"
"Dmytro","Goncharenko","+380901070552","female","Iryna","Kovalenko","+380832625685","DL332420","female","BMW 5 Series","BA 5663 II-801","Red","SUV","true","Chernivtsi, Khmelnitskoho St, 119","Chernivtsi, Chornovola Ave, 25","9.68","PENDING","51.77","2026-02-21","1","Could be better"
"Yevhen","Marchenko","+380735050113","prefer not to say","Oleksandr","Hrytsenko","+380869669700","DL186116","other","Honda Accord","BB 6192 CX-802","Green","Luxury","true","Mykolaiv, Horodotska St, 70","Mykolaiv, Bandery St, 19","11.78","SCHEDULED","57.77","2026-01-09","2","Amazing experience"
"Viktor","Kravchenko","+380855665810","male","Mariia","Boyko","+380809327797","DL569240","female","Mazda 6","BK 7421 II-803","Orange","Hatchback","true","Odesa, Kulparkivska St, 141","Odesa, Sichovykh Striltsiv St, 66","2.65","SCHEDULED","96.29","2026-01-31","1","Terrible service"
"Pavlo","Zaitsev","+380873918921","female","Andrii","Marchenko","+380758615821","DL817755","other","Honda Accord","AB 1270 CX-804","Dark Blue","Luxury","true","Zaporizhzhia, Horodotska St, 97","Zaporizhzhia, Valova St, 4","3.55","CANCELLED","82.99","2026-02-02","1","Not recommended"
"Oksana","Zaitsev","+380923125718","male","Dmytro","Melnyk","+380694546998","DL915718","male","Hyundai Sonata","AA 8826 BB-805","White","Hatchback","true","Odesa, Shevchenka St, 24","Odesa, Sichovykh Striltsiv St, 2","10.40","SCHEDULED","72.61","2026-02-03","4","Terrible service"
"Andrii","Hrytsenko","+380863616669","prefer not to say","Kateryna","Fedorov","+380702488360","DL409128","other","BMW 5 Series","BE 9770 II-806","White","SUV","true","Lviv, Chornovola Ave, 49","Lviv, Zelena St, 83","9.19","FAILED","50.59","2026-03-18","4","Driver was late"
"Mykola","Kovalenko","+380902657294","male","Anna","Kovalenko","+380711320862","DL781691","male","BMW 5 Series","AE 2947 HT-807","Brown","Luxury","false","Ivano-Frankivsk, Pekarska St, 130","Ivano-Frankivsk, Chornovola Ave, 45","10.12","CANCELLED","87.43","2026-03-01","2","Car was uncomfortable"
"Iryna","Kovalenko","+380947153367","prefer not to say","Andrii","Kravchenko","+380839678276","DL226088","other","Mercedes-Benz C-Class","AA 6513 BB-808","Green","SUV","true","Rivne, Chornovola Ave, 30","Rivne, Chornovola Ave, 84","11.29","IN_PROGRESS","56.78","2026-03-03","4","Amazing experience"
"Nataliia","Sokolova","+380957106976","female","Oksana","Kovalenko","+380903006735","DL294840","female","Hyundai Sonata","AM 5677 HT-809","Dark Blue","Sedan","true","Uzhhorod, Stryiska St, 148","Uzhhorod, Chornovola Ave, 18","8.04","CANCELLED","30.47","2026-03-17","2","Could be better"
"Iryna","Goncharenko","+380925334411","female","Andrii","Zaitsev","+380691259666","DL332141","other","Skoda Octavia","AB 1903 II-810","Green","Sedan","true","Kherson, Franka St, 46","Kherson, Naukova St, 122","10.43","CANCELLED","106.49","2026-02-03","5","Terrible service"
"Andrii","Kravchenko","+380737871735","female","Mykola","Tkachenko","+380683094426","DL957919","female","Mazda 6","BB 9117 AA-811","Red","SUV","true","Lutsk, Chornovola Ave, 143","Lutsk, Chornovola Ave, 121","9.89","SCHEDULED","90.94","2026-01-03","4","Highly recommend"
"Serhii","Goncharenko","+380734630642","prefer not to say","Mariia","Khmelyov","+380742296089","DL593559","female","BMW 5 Series","BI 1607 BB-812","Black","SUV","true","Chernivtsi, Pekarska St, 125","Chernivtsi, Valova St, 26","2.46","CANCELLED","76.36","2026-03-09","4","Very clean car"
"Dmytro","Bondarenko","+380817194772","female","Ivan","Shevchenko","+380918143128","DL819399","male","Volkswagen Passat","AA 4640 II-813","Silver","Luxury","true","Chernivtsi, Chornovola Ave, 60","Chernivtsi, Naukova St, 49","9.01","CANCELLED","32.08","2026-02-06","1","Amazing experience"
"Dmytro","Goncharenko","+380662180858","female","Andrii","Melnyk","+380899362075","DL476758","other","Toyota Camry","AT 2581 II-814","Green","Luxury","true","Rivne, Stryiska St, 54","Rivne, Vasylkivska St, 99","11.56","ACCEPTED","69.47","2026-01-20","2","Very clean car"
"Nataliia","Marchenko","+380735063656","other","Yuliia","Bondarenko","+380858356634","DL344692","other","Toyota Camry","AM 8720 CX-815","Brown","Hatchback","true","Mykolaiv, Khmelnitskoho St, 70","Mykolaiv, Horodotska St, 66","14.06","FAILED","93.63","2026-02-23","4","Car was uncomfortable"
"Olena","Tkachenko","+380748989118","female","Iryna","Hrytsenko","+380713057326","DL792612","other","Subaru Legacy","AE 6825 AA-816","Black","Sedan","false","Rivne, Stryiska St, 143","Rivne, Khmelnitskoho St, 110","8.59","FAILED","14.92","2026-03-25","4","Not recommended"
"Mariia","Hrytsenko","+380837958754","male","Nataliia","Polishchuk","+380979726232","DL123786","female","Renault Megane","AT 8539 CX-817","Black","Sedan","false","Zaporizhzhia, Lychakivska St, 79","Zaporizhzhia, Bandery St, 149","7.55","ACCEPTED","42.10","2026-02-27","5","Excellent service"
"Ivan","Hrytsenko","+380665835088","other","Mykola","Boyko","+380998650409","DL869312","prefer not to say","Kia Optima","AT 1920 II-818","Silver","Hatchback","true","Kyiv, Vasylkivska St, 16","Kyiv, Vasylkivska St, 25","6.76","COMPLETED","72.30","2026-01-22","4","Great trip!"
"Yuliia","Kravchenko","+380886420753","other","Alina","Lysenko","+380803462825","DL378727","other","Audi A4","BI 1743 HT-819","Orange","Sedan","true","Lviv, Kulparkivska St, 109","Lviv, Franka St, 1","8.25","FAILED","87.22","2026-01-22","5","Very clean car"
"Oleksandr","Goncharenko","+380786683418","female","Ivan","Fedorov","+380666173364","DL486322","other","Toyota Camry","BM 3184 BB-820","Black","SUV","true","Odesa, Lychakivska St, 36","Odesa, Naukova St, 127","4.50","PENDING","40.05","2026-03-23","4","Terrible service"
"Yuliia","Kravchenko","+380897151386","female","Yevhen","Goncharenko","+380941512158","DL912373","female","Mercedes-Benz C-Class","AX 6272 HT-821","Black","Luxury","true","Vinnytsia, Pekarska St, 30","Vinnytsia, Chornovola Ave, 45","12.68","IN_PROGRESS","69.02","2026-02-14","3","Will ride again"
"Iryna","Tkachenko","+380802272075","other","Yevhen","Zaitsev","+380728126068","DL412174","female","Mazda 6","AT 3093 CX-822","Red","SUV","false","Kharkiv, Lychakivska St, 5","Kharkiv, Bandery St, 136","10.01","COMPLETED","68.25","2026-01-19","4","Terrible service"
"Oleksandr","Shevchenko","+380923482642","female","Viktor","Melnyk","+380993883531","DL347265","other","Mercedes-Benz C-Class","BT 8365 II-823","Green","Hatchback","true","Chernivtsi, Stryiska St, 135","Chernivtsi, Franka St, 31","2.99","PENDING","32.74","2026-02-06","1","Great trip!"
"Alina","Melnyk","+380831814608","prefer not to say","Andrii","Melnyk","+380721843804","DL431536","female","Audi A4","AB 1142 AA-824","Red","Luxury","true","Chernivtsi, Sichovykh Striltsiv St, 97","Chernivtsi, Pekarska St, 15","9.08","IN_PROGRESS","73.27","2026-01-17","5","Driver was late"
"Dmytro","Oliinyk","+380844091116","prefer not to say","Oksana","Dovzhenko","+380933604105","DL533871","other","Mercedes-Benz C-Class","AE 4381 HT-825","Brown","Sedan","true","Kyiv, Stryiska St, 149","Kyiv, Naukova St, 65","12.87","COMPLETED","83.05","2026-01-31","4","Very clean car"
"Svitlana","Fedorov","+380938941269","male","Yevhen","Marchenko","+380812519618","DL871480","prefer not to say","Hyundai Sonata","BA 8759 AA-826","Grey","Luxury","true","Kherson, Vasylkivska St, 36","Kherson, Bandery St, 117","10.89","SCHEDULED","84.86","2026-01-03","2","Driver was rude"
"Oksana","Oliinyk","+380648958185","prefer not to say","Viktor","Marchenko","+380854208759","DL209720","male","Subaru Legacy","AM 7496 II-827","Yellow","SUV","true","Lutsk, Zelena St, 135","Lutsk, Lychakivska St, 104","14.82","IN_PROGRESS","39.13","2026-01-21","2","Could be better"
"Volodymyr","Fedorov","+380672152566","female","Dmytro","Oliinyk","+380696573158","DL844443","female","Tesla Model 3","BE 1917 HT-828","Yellow","SUV","true","Vinnytsia, Khmelnitskoho St, 124","Vinnytsia, Zelena St, 110","5.90","CANCELLED","52.79","2026-03-18","5","Terrible service"
"Iryna","Goncharenko","+380762652707","female","Anna","Marchenko","+380875282489","DL965610","other","Hyundai Sonata","BB 6472 AA-829","Red","Hatchback","true","Rivne, Bandery St, 65","Rivne, Khmelnitskoho St, 124","9.43","REJECTED","19.41","2026-01-24","4","Driver was late"
"Pavlo","Khmelyov","+380657953557","male","Viktor","Oliinyk","+380791948000","DL564941","male","Subaru Legacy","BC 7214 BB-830","Red","Luxury","true","Kherson, Naukova St, 70","Kherson, Lychakivska St, 99","4.33","FAILED","37.83","2026-01-22","5","Bad smell in cabin"
"Volodymyr","Marchenko","+380995472855","other","Mariia","Kovalenko","+380942144104","DL668395","female","Renault Megane","BO 4934 II-831","White","Hatchback","true","Odesa, Chornovola Ave, 26","Odesa, Valova St, 14","6.20","FAILED","103.89","2026-02-02","4","Amazing experience"
"Olena","Bondarenko","+380776927778","female","Mariia","Shevchenko","+380818845061","DL891381","female","Hyundai Sonata","BT 4292 HT-832","Silver","Luxury","true","Chernivtsi, Shevchenka St, 41","Chernivtsi, Shevchenka St, 121","8.64","PENDING","67.61","2026-01-31","5","Not recommended"
"Volodymyr","Kovalenko","+380702436737","prefer not to say","Nataliia","Oliinyk","+380788550822","DL880701","male","Skoda Octavia","AT 9551 HT-833","Green","SUV","false","Kherson, Sichovykh Striltsiv St, 77","Kherson, Shevchenka St, 41","10.12","FAILED","103.91","2026-01-01","1","Driver was late"
"Viktor","Polishchuk","+380649706577","prefer not to say","Andrii","Kovalenko","+380809766057","DL221323","other","Toyota Camry","BC 7793 CX-834","Dark Blue","SUV","false","Ivano-Frankivsk, Valova St, 97","Ivano-Frankivsk, Bandery St, 113","4.32","ACCEPTED","88.72","2026-03-23","4","Highly recommend"
"Kateryna","Marchenko","+380886401604","female","Kateryna","Shevchenko","+380641826182","DL117132","prefer not to say","Toyota Camry","AO 7884 II-835","Green","Luxury","false","Vinnytsia, Lychakivska St, 9","Vinnytsia, Zelena St, 14","8.55","ACCEPTED","72.26","2026-03-14","4","Car was uncomfortable"
"Nataliia","Polishchuk","+380933347526","other","Anna","Boyko","+380967444201","DL995885","male","Nissan Altima","AM 5837 CX-836","Silver","SUV","true","Rivne, Chornovola Ave, 3","Rivne, Vasylkivska St, 97","2.70","ACCEPTED","90.01","2026-03-17","1","Highly recommend"
"Oksana","Kovalenko","+380635818748","male","Mariia","Tkachenko","+380697558842","DL865868","female","Kia Optima","AT 1671 II-837","White","Sedan","false","Kyiv, Franka St, 77","Kyiv, Horodotska St, 124","12.83","CANCELLED","51.33","2026-01-07","1","Will ride again"
"Serhii","Zaitsev","+380886265451","male","Viktor","Sokolova","+380878316829","DL450775","prefer not to say","Mazda 6","BH 2728 BB-838","Dark Blue","Hatchback","true","Ivano-Frankivsk, Stryiska St, 65","Ivano-Frankivsk, Zelena St, 108","2.27","REJECTED","17.93","2026-01-13","1","Excellent service"
"Andrii","Kushnir","+380694882765","other","Ivan","Sokolova","+380887804043","DL357311","male","Mercedes-Benz C-Class","AX 4905 HT-839","White","SUV","true","Zaporizhzhia, Chornovola Ave, 71","Zaporizhzhia, Stryiska St, 124","6.99","PENDING","51.67","2026-03-01","3","Very clean car"
"Kateryna","Goncharenko","+380741592532","prefer not to say","Yevhen","Hrytsenko","+380632178788","DL128025","male","Honda Accord","AX 4885 CX-840","Yellow","Luxury","true","Uzhhorod, Bandery St, 119","Uzhhorod, Vasylkivska St, 16","10.39","PENDING","81.37","2026-01-12","1","Will ride again"
"Oleksandr","Sokolova","+380659624831","prefer not to say","Andrii","Goncharenko","+380908906827","DL139785","other","Skoda Octavia","BO 3745 AA-841","Dark Blue","Luxury","false","Ternopil, Khmelnitskoho St, 143","Ternopil, Horodotska St, 75","1.47","SCHEDULED","54.04","2026-03-21","3","Car was uncomfortable"
"Svitlana","Lysenko","+380915393230","prefer not to say","Mykola","Tkachenko","+380638809464","DL727723","prefer not to say","Kia Optima","BH 4787 AA-842","Grey","Sedan","true","Dnipro, Horodotska St, 143","Dnipro, Franka St, 46","4.59","FAILED","67.65","2026-03-24","4","Smooth ride"
"Oksana","Polishchuk","+380739890630","male","Alina","Marchenko","+380819143411","DL466771","male","Mercedes-Benz C-Class","BA 7802 II-843","Dark Blue","SUV","true","Zaporizhzhia, Naukova St, 14","Zaporizhzhia, Vasylkivska St, 53","7.64","IN_PROGRESS","38.04","2026-03-20","3","Will ride again"
"Ivan","Boyko","+380717072122","female","Kateryna","Zaitsev","+380781329731","DL147983","male","BMW 5 Series","BT 7707 AA-844","Black","Hatchback","true","Kyiv, Stryiska St, 51","Kyiv, Franka St, 126","3.27","SCHEDULED","18.13","2026-01-20","4","Highly recommend"
"Svitlana","Oliinyk","+380877165761","prefer not to say","Dmytro","Hrytsenko","+380982320861","DL898979","female","BMW 5 Series","BE 9171 CX-845","Red","Luxury","true","Lviv, Shevchenka St, 140","Lviv, Bandery St, 74","3.15","REJECTED","37.33","2026-03-25","4","Great trip!"
"Yevhen","Polishchuk","+380975226284","prefer not to say","Andrii","Hrytsenko","+380876145017","DL561756","other","Honda Accord","AE 2863 BB-846","Red","SUV","true","Vinnytsia, Bandery St, 57","Vinnytsia, Bandery St, 139","12.98","PENDING","67.90","2026-03-19","3","Driver was late"
"Pavlo","Goncharenko","+380831354052","male","Mariia","Marchenko","+380921790082","DL790138","male","Hyundai Sonata","AT 8791 BB-847","Red","Sedan","true","Lviv, Zelena St, 60","Lviv, Chornovola Ave, 45","2.42","CANCELLED","76.35","2026-03-21","4","Car was uncomfortable"
"Yevhen","Melnyk","+380839581926","male","Oleksandr","Tkachenko","+380906693516","DL847481","other","Tesla Model 3","BM 2558 BB-848","Orange","Sedan","true","Lutsk, Kulparkivska St, 52","Lutsk, Valova St, 98","3.69","CANCELLED","96.49","2026-01-21","3","Could be better"
"Iryna","Fedorov","+380676882238","female","Yuliia","Polishchuk","+380987825716","DL764334","prefer not to say","Mazda 6","BT 5469 CX-849","Black","Luxury","true","Rivne, Naukova St, 73","Rivne, Bandery St, 49","15.30","PENDING","15.79","2026-02-24","4","Driver was late"
"Yevhen","Boyko","+380884704027","male","Dmytro","Bondarenko","+380834428283","DL939590","male","Renault Megane","AP 1333 II-850","Red","Luxury","false","Ternopil, Zelena St, 141","Ternopil, Zelena St, 150","9.94","ACCEPTED","32.16","2026-02-02","5","Bad smell in cabin"
"Pavlo","Marchenko","+380758461401","male","Nataliia","Kushnir","+380897706003","DL918344","male","Kia Optima","BM 9966 BB-851","Yellow","SUV","true","Vinnytsia, Vasylkivska St, 5","Vinnytsia, Naukova St, 120","10.53","FAILED","79.03","2026-01-12","5","Car was uncomfortable"
"Alina","Zaitsev","+380705106993","female","Andrii","Kravchenko","+380996157522","DL224902","prefer not to say","Skoda Octavia","BM 6091 II-852","Orange","Luxury","true","Kyiv, Horodotska St, 142","Kyiv, Naukova St, 129","7.75","ACCEPTED","39.02","2026-02-08","5","Highly recommend"
"Yuliia","Kushnir","+380979302466","male","Volodymyr","Shevchenko","+380674595730","DL672181","male","Skoda Octavia","AB 3174 HT-853","Grey","Hatchback","true","Dnipro, Kulparkivska St, 32","Dnipro, Horodotska St, 106","6.31","CANCELLED","80.82","2026-03-02","3","Highly recommend"
"Viktor","Boyko","+380634845534","male","Svitlana","Fedorov","+380713236098","DL346339","other","Skoda Octavia","BH 5609 CX-854","Silver","SUV","true","Zaporizhzhia, Valova St, 145","Zaporizhzhia, Naukova St, 80","13.38","FAILED","93.46","2026-01-03","4","Highly recommend"
"Alina","Oliinyk","+380854344403","male","Andrii","Hrytsenko","+380883911624","DL692107","female","Honda Accord","BH 9378 HT-855","Green","Hatchback","false","Ivano-Frankivsk, Pekarska St, 51","Ivano-Frankivsk, Pekarska St, 8","3.38","CANCELLED","59.50","2026-02-10","1","Smooth ride"
"Nataliia","Boyko","+380884136277","prefer not to say","Viktor","Melnyk","+380811265043","DL771509","female","Tesla Model 3","BH 4349 II-856","Red","Luxury","true","Chernivtsi, Naukova St, 54","Chernivtsi, Franka St, 144","5.30","REJECTED","72.15","2026-02-28","5","Will ride again"
"Viktor","Melnyk","+380779183226","female","Serhii","Polishchuk","+380712797386","DL186835","other","Skoda Octavia","BE 5233 BB-857","Orange","Sedan","true","Chernivtsi, Horodotska St, 148","Chernivtsi, Stryiska St, 13","12.35","SCHEDULED","97.32","2026-03-18","2","Driver was late"
"Yuliia","Goncharenko","+380856901890","other","Viktor","Lysenko","+380873458357","DL116422","male","Honda Accord","BI 5582 AA-858","Silver","Hatchback","true","Kyiv, Lychakivska St, 5","Kyiv, Franka St, 18","10.33","IN_PROGRESS","57.90","2026-03-02","2","Polite driver"
"Yevhen","Tkachenko","+380651504343","male","Kateryna","Lysenko","+380831470856","DL297228","male","BMW 5 Series","AP 1031 BB-859","Black","SUV","true","Ivano-Frankivsk, Franka St, 62","Ivano-Frankivsk, Bandery St, 47","4.29","COMPLETED","109.00","2026-02-26","4","Will ride again"
"Yevhen","Zaitsev","+380883413550","other","Alina","Polishchuk","+380683375220","DL808811","other","Subaru Legacy","BH 4400 AA-860","Yellow","SUV","true","Lviv, Chornovola Ave, 137","Lviv, Pekarska St, 2","9.65","REJECTED","88.17","2026-01-07","1","Smooth ride"
"Kateryna","Bondarenko","+380917939771","prefer not to say","Viktor","Kravchenko","+380863153131","DL237082","male","Nissan Altima","AX 7290 CX-861","Silver","Hatchback","true","Zaporizhzhia, Khmelnitskoho St, 48","Zaporizhzhia, Vasylkivska St, 8","2.60","SCHEDULED","28.98","2026-03-01","5","Car was uncomfortable"
"Yevhen","Sokolova","+380636246040","prefer not to say","Iryna","Oliinyk","+380701392005","DL970762","other","Toyota Camry","AT 5887 BB-862","Black","Luxury","true","Chernivtsi, Naukova St, 143","Chernivtsi, Stryiska St, 63","13.36","CANCELLED","68.14","2026-02-04","2","Driver was late"
"Dmytro","Oliinyk","+380995190833","prefer not to say","Alina","Sokolova","+380933697869","DL346127","other","Mercedes-Benz C-Class","BT 2001 AA-863","Grey","Luxury","true","Lviv, Zelena St, 1","Lviv, Kulparkivska St, 14","13.63","SCHEDULED","106.14","2026-01-17","3","Not recommended"
"Yevhen","Tkachenko","+380986040500","male","Dmytro","Tkachenko","+380724304297","DL662669","male","BMW 5 Series","AX 8846 CX-864","Red","Sedan","true","Vinnytsia, Naukova St, 37","Vinnytsia, Pekarska St, 102","12.68","FAILED","18.21","2026-03-05","5","Very clean car"
"Pavlo","Shevchenko","+380935152348","female","Yuliia","Boyko","+380966730931","DL383362","prefer not to say","Kia Optima","AE 9537 HT-865","Green","Sedan","true","Mykolaiv, Vasylkivska St, 103","Mykolaiv, Pekarska St, 140","11.91","SCHEDULED","97.84","2026-01-27","2","Not recommended"
"Yuliia","Kravchenko","+380883428625","other","Mykola","Tkachenko","+380787392647","DL612140","other","Toyota Camry","AB 5248 BB-866","Brown","Hatchback","true","Kherson, Sichovykh Striltsiv St, 114","Kherson, Kulparkivska St, 117","9.10","ACCEPTED","54.85","2026-02-08","4","Very clean car"
"Iryna","Marchenko","+380967322451","prefer not to say","Olena","Goncharenko","+380925503103","DL870475","male","Mercedes-Benz C-Class","BO 9380 HT-867","Brown","Luxury","false","Chernivtsi, Franka St, 87","Chernivtsi, Naukova St, 50","7.55","FAILED","81.07","2026-01-17","4","Smooth ride"
"Viktor","Oliinyk","+380866789729","other","Serhii","Fedorov","+380968592544","DL583027","prefer not to say","Tesla Model 3","BO 9794 BB-868","Red","SUV","true","Mykolaiv, Sichovykh Striltsiv St, 103","Mykolaiv, Naukova St, 75","9.57","CANCELLED","30.54","2026-01-14","4","Excellent service"
"Mariia","Marchenko","+380882051367","male","Viktor","Fedorov","+380836901828","DL624975","prefer not to say","Honda Accord","BA 3664 BB-869","Red","SUV","false","Rivne, Naukova St, 100","Rivne, Khmelnitskoho St, 2","4.79","IN_PROGRESS","81.59","2026-02-01","4","Highly recommend"
"Nataliia","Tkachenko","+380658862400","male","Oksana","Melnyk","+380812990930","DL391556","male","Tesla Model 3","AT 2026 II-870","Orange","Luxury","true","Vinnytsia, Horodotska St, 21","Vinnytsia, Pekarska St, 31","2.82","IN_PROGRESS","20.40","2026-02-25","5","Smooth ride"
"Alina","Lysenko","+380849817706","female","Mykola","Melnyk","+380662498293","DL354630","male","Audi A4","AP 9437 AA-871","Red","Luxury","true","Mykolaiv, Bandery St, 47","Mykolaiv, Stryiska St, 89","12.55","PENDING","74.42","2026-02-03","4","Excellent service"
"Anna","Goncharenko","+380783414878","female","Yuliia","Melnyk","+380757908693","DL947230","prefer not to say","Kia Optima","BT 5996 HT-872","Silver","Sedan","true","Ternopil, Sichovykh Striltsiv St, 54","Ternopil, Vasylkivska St, 99","5.64","IN_PROGRESS","25.27","2025-12-31","2","Smooth ride"
"Dmytro","Goncharenko","+380881851761","other","Svitlana","Kravchenko","+380971735059","DL336417","other","Ford Fusion","BM 6335 BB-873","Dark Blue","Luxury","true","Odesa, Khmelnitskoho St, 26","Odesa, Naukova St, 30","4.35","COMPLETED","100.44","2026-01-17","4","Highly recommend"
"Volodymyr","Kovalenko","+380768426253","prefer not to say","Iryna","Shevchenko","+380766370990","DL684870","other","Honda Accord","BA 2348 AA-874","Orange","Hatchback","true","Chernivtsi, Naukova St, 132","Chernivtsi, Naukova St, 123","14.55","REJECTED","87.11","2026-03-20","1","Amazing experience"
"Viktor","Fedorov","+380884872776","female","Ivan","Kovalenko","+380719853400","DL716050","prefer not to say","Honda Accord","AT 8261 II-875","Dark Blue","Sedan","true","Uzhhorod, Horodotska St, 81","Uzhhorod, Kulparkivska St, 89","5.48","CANCELLED","22.24","2026-01-21","1","Will ride again"
"Yevhen","Kovalenko","+380974926843","prefer not to say","Yevhen","Shevchenko","+380859243819","DL669612","male","Audi A4","BB 1551 AA-876","Yellow","Hatchback","true","Uzhhorod, Vasylkivska St, 63","Uzhhorod, Khmelnitskoho St, 144","9.86","PENDING","16.27","2026-03-18","5","Excellent service"
"Yuliia","Tkachenko","+380816687279","male","Yevhen","Polishchuk","+380814454528","DL788670","male","Mazda 6","AM 3934 II-877","Dark Blue","Sedan","true","Odesa, Horodotska St, 94","Odesa, Kulparkivska St, 100","10.05","PENDING","53.08","2026-03-21","1","Amazing experience"
"Iryna","Polishchuk","+380649215899","prefer not to say","Svitlana","Melnyk","+380996334515","DL176437","male","Skoda Octavia","BT 8881 HT-878","White","Luxury","false","Lutsk, Franka St, 58","Lutsk, Naukova St, 2","14.12","CANCELLED","55.95","2026-03-19","1","Could be better"
"Mariia","Tkachenko","+380977342258","other","Nataliia","Polishchuk","+380689953938","DL125513","prefer not to say","Mazda 6","AX 4868 HT-879","Orange","Sedan","true","Dnipro, Pekarska St, 125","Dnipro, Sichovykh Striltsiv St, 12","13.88","COMPLETED","33.39","2026-02-07","4","Amazing experience"
"Nataliia","Kravchenko","+380708761475","prefer not to say","Serhii","Polishchuk","+380989439206","DL850866","prefer not to say","Hyundai Sonata","BE 6640 BB-880","Black","Sedan","true","Ternopil, Pekarska St, 16","Ternopil, Shevchenka St, 103","2.10","IN_PROGRESS","64.27","2026-03-17","1","Will ride again"
"Anna","Lysenko","+380878626350","male","Pavlo","Dovzhenko","+380838938862","DL124054","other","Toyota Camry","BA 3465 AA-881","White","SUV","false","Zaporizhzhia, Sichovykh Striltsiv St, 50","Zaporizhzhia, Chornovola Ave, 46","11.74","PENDING","79.13","2026-03-12","1","Highly recommend"
"Oksana","Dovzhenko","+380931183793","other","Viktor","Khmelyov","+380937192854","DL807374","prefer not to say","Nissan Altima","AA 9300 HT-882","Red","SUV","true","Ivano-Frankivsk, Sichovykh Striltsiv St, 43","Ivano-Frankivsk, Khmelnitskoho St, 107","1.97","PENDING","89.36","2025-12-31","4","Amazing experience"
"Mykola","Hrytsenko","+380759896727","prefer not to say","Kateryna","Lysenko","+380917033493","DL948136","female","Volkswagen Passat","BM 1130 BB-883","Red","Luxury","true","Vinnytsia, Valova St, 15","Vinnytsia, Valova St, 9","11.54","CANCELLED","24.49","2026-01-05","2","Great trip!"
"Mykola","Hrytsenko","+380892496397","other","Kateryna","Shevchenko","+380984592208","DL677035","male","Kia Optima","AO 4606 II-884","Dark Blue","Hatchback","true","Ivano-Frankivsk, Stryiska St, 112","Ivano-Frankivsk, Chornovola Ave, 147","15.13","REJECTED","64.17","2026-03-21","1","Car was uncomfortable"
"Andrii","Fedorov","+380967316285","other","Alina","Melnyk","+380932575541","DL411850","female","Hyundai Sonata","BB 8519 HT-885","Silver","Hatchback","true","Vinnytsia, Franka St, 14","Vinnytsia, Naukova St, 33","7.79","COMPLETED","93.91","2026-02-07","4","Terrible service"
"Andrii","Dovzhenko","+380824174962","female","Dmytro","Tkachenko","+380688035438","DL726692","female","Kia Optima","AA 4240 HT-886","Brown","Luxury","false","Uzhhorod, Naukova St, 18","Uzhhorod, Shevchenka St, 85","8.84","CANCELLED","20.43","2026-02-27","5","Driver was rude"
"Iryna","Melnyk","+380995247603","male","Nataliia","Sokolova","+380995319866","DL300614","male","Hyundai Sonata","BB 5553 AA-887","Red","Luxury","true","Mykolaiv, Vasylkivska St, 104","Mykolaiv, Chornovola Ave, 43","15.93","COMPLETED","13.89","2026-02-20","4","Driver was rude"
"Olena","Kravchenko","+380875731544","male","Serhii","Dovzhenko","+380688402323","DL847916","male","BMW 5 Series","AP 2492 II-888","Dark Blue","Luxury","true","Lutsk, Valova St, 106","Lutsk, Bandery St, 32","4.43","ACCEPTED","53.35","2026-03-05","3","Highly recommend"
"Alina","Melnyk","+380912309226","prefer not to say","Iryna","Tkachenko","+380658713015","DL166282","other","Honda Accord","AE 4266 II-889","Orange","Sedan","true","Rivne, Pekarska St, 79","Rivne, Stryiska St, 83","3.53","REJECTED","82.54","2026-02-07","2","Could be better"
"Oksana","Sokolova","+380756923058","other","Oleksandr","Polishchuk","+380842619471","DL826166","prefer not to say","Volkswagen Passat","BH 4143 AA-890","Green","Luxury","false","Dnipro, Kulparkivska St, 19","Dnipro, Naukova St, 75","11.20","REJECTED","36.34","2026-03-01","4","Could be better"
"Alina","Lysenko","+380645079767","male","Viktor","Zaitsev","+380637973888","DL225877","prefer not to say","Skoda Octavia","BE 4276 AA-891","Grey","Hatchback","false","Kherson, Khmelnitskoho St, 61","Kherson, Shevchenka St, 150","4.04","COMPLETED","45.10","2026-02-28","2","Terrible service"
"Yuliia","Kovalenko","+380929543801","female","Volodymyr","Oliinyk","+380994158625","DL927089","other","Mazda 6","AX 5162 HT-892","Green","Hatchback","true","Kherson, Vasylkivska St, 6","Kherson, Shevchenka St, 138","10.92","FAILED","20.80","2026-02-23","5","Car was uncomfortable"
"Svitlana","Hrytsenko","+380659344218","female","Alina","Kravchenko","+380727282284","DL390528","prefer not to say","Audi A4","BA 5285 BB-893","White","Luxury","false","Odesa, Naukova St, 31","Odesa, Stryiska St, 17","15.56","IN_PROGRESS","58.39","2026-03-16","5","Terrible service"
"Pavlo","Boyko","+380713287555","female","Volodymyr","Tkachenko","+380846848858","DL883156","male","Tesla Model 3","BO 6292 II-894","Brown","Sedan","true","Kyiv, Stryiska St, 95","Kyiv, Franka St, 100","9.73","CANCELLED","42.36","2026-03-25","1","Amazing experience"
"Alina","Hrytsenko","+380636008309","female","Andrii","Goncharenko","+380932370476","DL538328","other","Hyundai Sonata","BT 4627 II-895","Orange","Hatchback","false","Kherson, Kulparkivska St, 134","Kherson, Valova St, 78","11.26","REJECTED","76.92","2026-03-19","4","Car was uncomfortable"
"Nataliia","Zaitsev","+380773573306","other","Mariia","Zaitsev","+380895264173","DL669370","other","Subaru Legacy","AX 1247 HT-896","Black","Luxury","false","Uzhhorod, Kulparkivska St, 21","Uzhhorod, Valova St, 135","13.11","REJECTED","73.07","2026-02-15","2","Smooth ride"
"Svitlana","Kravchenko","+380868652057","female","Iryna","Fedorov","+380799379896","DL495527","male","BMW 5 Series","BO 2789 BB-897","Orange","Hatchback","true","Dnipro, Zelena St, 128","Dnipro, Zelena St, 138","14.94","IN_PROGRESS","100.46","2026-01-07","3","Polite driver"
"Dmytro","Oliinyk","+380907731242","prefer not to say","Ivan","Kovalenko","+380767609442","DL919088","other","Kia Optima","BI 2237 AA-898","Green","Luxury","false","Uzhhorod, Sichovykh Striltsiv St, 103","Uzhhorod, Vasylkivska St, 37","7.67","PENDING","92.68","2026-02-18","1","Bad smell in cabin"
"Olena","Bondarenko","+380666262892","prefer not to say","Oleksandr","Melnyk","+380864091221","DL967301","male","BMW 5 Series","AT 5875 AA-899","Yellow","SUV","false","Odesa, Pekarska St, 89","Odesa, Kulparkivska St, 66","12.08","IN_PROGRESS","51.06","2026-03-14","2","Will ride again"
"Andrii","Tkachenko","+380639037110","other","Dmytro","Goncharenko","+380761382616","DL946046","female","Kia Optima","BT 4232 BB-900","Brown","Sedan","true","Kyiv, Shevchenka St, 21","Kyiv, Khmelnitskoho St, 15","14.47","FAILED","38.98","2026-01-26","3","Highly recommend"
"Alina","Marchenko","+380884192658","female","Yevhen","Marchenko","+380781134048","DL901963","female","Nissan Altima","AX 6930 HT-901","Green","Luxury","true","Kyiv, Naukova St, 142","Kyiv, Naukova St, 100","11.56","IN_PROGRESS","38.44","2026-02-04","2","Driver was late"
"Oksana","Khmelyov","+380828434857","female","Dmytro","Goncharenko","+380781282532","DL310897","female","Volkswagen Passat","BC 7978 CX-902","Orange","Sedan","true","Kyiv, Shevchenka St, 65","Kyiv, Khmelnitskoho St, 51","9.32","CANCELLED","107.57","2026-02-08","4","Amazing experience"
"Nataliia","Kushnir","+380849093787","female","Nataliia","Kovalenko","+380776156292","DL513997","other","Volkswagen Passat","BK 1084 II-903","Dark Blue","Sedan","true","Ivano-Frankivsk, Bandery St, 108","Ivano-Frankivsk, Lychakivska St, 116","9.84","REJECTED","46.82","2026-02-03","5","Will ride again"
"Ivan","Dovzhenko","+380774918247","other","Serhii","Kushnir","+380854072666","DL702140","prefer not to say","Nissan Altima","AX 5790 CX-904","Dark Blue","SUV","false","Ternopil, Khmelnitskoho St, 24","Ternopil, Zelena St, 18","12.28","CANCELLED","36.73","2026-01-23","2","Driver was late"
"Olena","Kovalenko","+380999142361","male","Iryna","Lysenko","+380943745395","DL669017","prefer not to say","Hyundai Sonata","AX 4054 HT-905","Orange","Hatchback","false","Kharkiv, Stryiska St, 97","Kharkiv, Pekarska St, 96","8.75","FAILED","23.78","2026-03-24","2","Not recommended"
"Anna","Shevchenko","+380776684826","other","Olena","Lysenko","+380857653787","DL682958","female","Tesla Model 3","BC 2401 CX-906","Red","SUV","true","Lviv, Bandery St, 68","Lviv, Zelena St, 111","7.69","COMPLETED","35.98","2026-01-24","4","Driver was late"
"Oksana","Kushnir","+380712138681","male","Iryna","Boyko","+380716369093","DL387385","male","Mazda 6","BO 9727 AA-907","Black","Sedan","false","Odesa, Zelena St, 128","Odesa, Lychakivska St, 73","15.80","ACCEPTED","77.16","2026-02-09","3","Could be better"
"Ivan","Hrytsenko","+380902889384","prefer not to say","Olena","Melnyk","+380679822170","DL994873","male","Subaru Legacy","AE 8771 AA-908","Black","Hatchback","true","Kyiv, Naukova St, 35","Kyiv, Stryiska St, 133","7.58","PENDING","28.88","2026-02-05","5","Will ride again"
"Volodymyr","Melnyk","+380746565263","other","Mariia","Kravchenko","+380949414670","DL766061","other","Toyota Camry","BA 7583 II-909","Dark Blue","Hatchback","true","Vinnytsia, Naukova St, 72","Vinnytsia, Horodotska St, 38","14.46","IN_PROGRESS","57.78","2026-03-09","3","Great trip!"
"Yuliia","Sokolova","+380649848975","prefer not to say","Ivan","Kovalenko","+380803515941","DL730074","male","Audi A4","AB 1827 II-910","Black","Sedan","true","Dnipro, Lychakivska St, 135","Dnipro, Stryiska St, 84","9.64","CANCELLED","65.85","2026-03-13","2","Car was uncomfortable"
"Oleksandr","Zaitsev","+380731495430","other","Svitlana","Lysenko","+380986552114","DL107568","male","Volkswagen Passat","BO 1973 AA-911","Orange","SUV","true","Chernivtsi, Kulparkivska St, 125","Chernivtsi, Chornovola Ave, 1","13.49","REJECTED","12.42","2026-02-25","4","Smooth ride"
"Mykola","Polishchuk","+380701497489","other","Kateryna","Goncharenko","+380801776385","DL847781","male","Mazda 6","AP 5062 CX-912","Grey","Hatchback","true","Uzhhorod, Vasylkivska St, 101","Uzhhorod, Naukova St, 104","3.21","SCHEDULED","78.39","2026-03-22","3","Smooth ride"
"Anna","Zaitsev","+380817872966","prefer not to say","Ivan","Goncharenko","+380885832948","DL445067","prefer not to say","Hyundai Sonata","AT 7378 AA-913","Green","Luxury","true","Lviv, Chornovola Ave, 81","Lviv, Vasylkivska St, 150","6.81","CANCELLED","67.48","2026-02-27","1","Highly recommend"
"Olena","Tkachenko","+380927133105","other","Andrii","Khmelyov","+380968917030","DL515751","male","Subaru Legacy","BM 6613 AA-914","Brown","Hatchback","true","Kyiv, Lychakivska St, 83","Kyiv, Franka St, 15","9.53","SCHEDULED","97.91","2026-01-31","1","Smooth ride"
"Oksana","Polishchuk","+380668949844","prefer not to say","Andrii","Khmelyov","+380749935517","DL751252","female","Hyundai Sonata","BH 1759 II-915","Grey","Hatchback","false","Uzhhorod, Khmelnitskoho St, 72","Uzhhorod, Naukova St, 19","14.38","CANCELLED","104.85","2026-03-23","3","Not recommended"
"Andrii","Dovzhenko","+380988537605","prefer not to say","Mykola","Boyko","+380684703821","DL555652","prefer not to say","Honda Accord","AM 8827 II-916","Dark Blue","Hatchback","true","Mykolaiv, Pekarska St, 18","Mykolaiv, Franka St, 110","4.16","ACCEPTED","37.73","2026-01-16","2","Will ride again"
"Olena","Khmelyov","+380953859273","other","Alina","Boyko","+380951660055","DL332318","other","Hyundai Sonata","AA 9747 BB-917","Yellow","SUV","true","Lviv, Shevchenka St, 102","Lviv, Kulparkivska St, 103","6.68","PENDING","102.67","2026-01-06","5","Driver was rude"
"Viktor","Boyko","+380809212284","prefer not to say","Viktor","Sokolova","+380766413621","DL371380","prefer not to say","Hyundai Sonata","AT 9842 CX-918","Silver","Hatchback","false","Lutsk, Khmelnitskoho St, 78","Lutsk, Naukova St, 4","7.71","FAILED","93.48","2026-02-13","2","Polite driver"
"Nataliia","Fedorov","+380684182434","male","Mariia","Oliinyk","+380683408244","DL840364","other","Toyota Camry","AB 6052 CX-919","White","Luxury","true","Odesa, Franka St, 39","Odesa, Valova St, 91","12.02","IN_PROGRESS","98.84","2026-01-16","4","Polite driver"
"Kateryna","Lysenko","+380952669676","male","Andrii","Khmelyov","+380931301442","DL832189","other","Subaru Legacy","BI 2506 II-920","Green","Luxury","true","Rivne, Franka St, 121","Rivne, Vasylkivska St, 148","1.04","PENDING","78.69","2026-03-26","3","Great trip!"
"Yuliia","Khmelyov","+380755418781","male","Pavlo","Tkachenko","+380864711842","DL583449","female","Mazda 6","AA 7813 HT-921","Black","SUV","false","Lviv, Franka St, 26","Lviv, Kulparkivska St, 100","6.01","CANCELLED","62.68","2026-03-16","2","Bad smell in cabin"
"Mykola","Shevchenko","+380922680009","male","Viktor","Dovzhenko","+380731108604","DL693353","female","Skoda Octavia","AP 7346 II-922","Yellow","Hatchback","false","Kharkiv, Chornovola Ave, 83","Kharkiv, Stryiska St, 140","10.88","IN_PROGRESS","101.21","2026-02-01","5","Very clean car"
"Kateryna","Kushnir","+380956554727","male","Serhii","Zaitsev","+380701860973","DL839045","female","Ford Fusion","AE 3319 BB-923","Grey","Hatchback","true","Lviv, Sichovykh Striltsiv St, 70","Lviv, Valova St, 21","11.24","PENDING","83.02","2026-02-16","4","Excellent service"
"Oleksandr","Khmelyov","+380745417881","prefer not to say","Svitlana","Kravchenko","+380996949382","DL735181","female","Tesla Model 3","BO 5074 BB-924","Black","Luxury","true","Kherson, Zelena St, 85","Kherson, Pekarska St, 122","10.56","CANCELLED","79.47","2026-02-05","3","Amazing experience"
"Alina","Zaitsev","+380779092790","other","Pavlo","Kravchenko","+380929785452","DL650181","prefer not to say","Tesla Model 3","BB 2878 II-925","Grey","Luxury","true","Lutsk, Sichovykh Striltsiv St, 62","Lutsk, Shevchenka St, 30","15.39","CANCELLED","10.87","2026-03-16","5","Highly recommend"
"Dmytro","Sokolova","+380708370831","male","Viktor","Khmelyov","+380841521370","DL237607","prefer not to say","Toyota Camry","BA 1597 II-926","Silver","Sedan","true","Zaporizhzhia, Vasylkivska St, 89","Zaporizhzhia, Valova St, 45","14.21","COMPLETED","16.59","2026-01-01","1","Polite driver"
"Kateryna","Zaitsev","+380746930154","other","Oksana","Kravchenko","+380761473257","DL686279","male","Nissan Altima","AB 8611 BB-927","Brown","Hatchback","true","Rivne, Sichovykh Striltsiv St, 6","Rivne, Khmelnitskoho St, 102","3.56","FAILED","26.82","2026-02-05","1","Could be better"
"Iryna","Tkachenko","+380776774070","male","Alina","Bondarenko","+380925486653","DL450998","other","Kia Optima","AX 8726 HT-928","Green","Hatchback","true","Mykolaiv, Vasylkivska St, 93","Mykolaiv, Horodotska St, 78","12.93","COMPLETED","98.10","2026-03-04","1","Excellent service"
"Oleksandr","Sokolova","+380787859345","male","Alina","Kravchenko","+380952526169","DL837823","other","Audi A4","BC 6358 AA-929","Dark Blue","Hatchback","true","Mykolaiv, Zelena St, 143","Mykolaiv, Khmelnitskoho St, 5","10.23","CANCELLED","68.11","2026-01-04","1","Bad smell in cabin"
"Oleksandr","Khmelyov","+380797550443","other","Yuliia","Fedorov","+380687689956","DL440403","female","Subaru Legacy","AM 5102 BB-930","Green","Luxury","true","Kharkiv, Sichovykh Striltsiv St, 123","Kharkiv, Zelena St, 36","9.66","FAILED","82.22","2026-03-27","1","Bad smell in cabin"
"Kateryna","Shevchenko","+380795488815","prefer not to say","Svitlana","Marchenko","+380779480236","DL726566","female","Honda Accord","BB 5255 II-931","Green","Sedan","true","Mykolaiv, Pekarska St, 11","Mykolaiv, Stryiska St, 34","15.29","SCHEDULED","98.59","2026-02-14","1","Not recommended"
"Ivan","Shevchenko","+380904618931","female","Ivan","Bondarenko","+380766736209","DL996098","other","Honda Accord","AX 1143 II-932","Red","Sedan","true","Lviv, Franka St, 14","Lviv, Valova St, 97","3.30","ACCEPTED","98.57","2026-01-18","3","Polite driver"
"Iryna","Bondarenko","+380679670025","male","Viktor","Kovalenko","+380817707670","DL507875","male","Nissan Altima","BB 8813 BB-933","Yellow","Sedan","false","Chernivtsi, Bandery St, 78","Chernivtsi, Valova St, 129","3.16","IN_PROGRESS","60.92","2026-02-27","4","Polite driver"
"Iryna","Dovzhenko","+380803177626","female","Mariia","Dovzhenko","+380739265475","DL938975","other","Honda Accord","AP 8161 BB-934","Brown","Luxury","false","Mykolaiv, Kulparkivska St, 41","Mykolaiv, Valova St, 6","12.02","REJECTED","64.49","2026-02-17","5","Could be better"
"Iryna","Bondarenko","+380635503359","prefer not to say","Alina","Bondarenko","+380869275576","DL271111","female","Skoda Octavia","BA 8388 BB-935","White","Sedan","true","Vinnytsia, Zelena St, 138","Vinnytsia, Chornovola Ave, 123","13.37","ACCEPTED","34.17","2026-03-20","2","Car was uncomfortable"
"Svitlana","Tkachenko","+380985900337","prefer not to say","Iryna","Bondarenko","+380947186073","DL805828","other","Subaru Legacy","AT 2757 BB-936","White","Luxury","false","Ternopil, Shevchenka St, 112","Ternopil, Franka St, 72","13.04","FAILED","95.43","2026-02-05","2","Driver was late"
"Oleksandr","Melnyk","+380814835822","other","Olena","Kravchenko","+380632190666","DL948013","other","Toyota Camry","BO 4517 HT-937","Orange","SUV","true","Mykolaiv, Zelena St, 59","Mykolaiv, Sichovykh Striltsiv St, 140","11.75","PENDING","78.09","2026-01-21","1","Driver was rude"
"Olena","Kravchenko","+380777917993","prefer not to say","Volodymyr","Melnyk","+380689592780","DL591762","prefer not to say","Honda Accord","AO 6878 HT-938","Dark Blue","Hatchback","true","Kherson, Pekarska St, 150","Kherson, Sichovykh Striltsiv St, 16","15.79","PENDING","88.67","2026-02-23","2","Terrible service"
"Svitlana","Oliinyk","+380732765780","female","Kateryna","Hrytsenko","+380894868315","DL991886","male","Mercedes-Benz C-Class","BK 9917 II-939","Yellow","SUV","true","Kherson, Naukova St, 88","Kherson, Valova St, 140","8.38","SCHEDULED","77.89","2026-02-20","2","Car was uncomfortable"
"Nataliia","Khmelyov","+380817578909","male","Viktor","Kravchenko","+380823061694","DL886788","male","Mercedes-Benz C-Class","AT 1912 BB-940","Yellow","SUV","true","Mykolaiv, Sichovykh Striltsiv St, 117","Mykolaiv, Lychakivska St, 87","13.04","ACCEPTED","26.63","2026-01-24","5","Amazing experience"
"Kateryna","Boyko","+380662396029","female","Ivan","Hrytsenko","+380677899739","DL989767","female","Mercedes-Benz C-Class","AM 3575 BB-941","Orange","Luxury","true","Ivano-Frankivsk, Chornovola Ave, 46","Ivano-Frankivsk, Zelena St, 19","7.23","ACCEPTED","97.01","2026-01-04","2","Will ride again"
"Volodymyr","Goncharenko","+380814963547","male","Yevhen","Polishchuk","+380945944948","DL585863","female","Hyundai Sonata","AT 6520 BB-942","Red","Luxury","true","Ternopil, Valova St, 107","Ternopil, Pekarska St, 52","6.82","PENDING","64.79","2026-02-04","5","Driver was late"
"Nataliia","Boyko","+380747895077","prefer not to say","Iryna","Marchenko","+380797535279","DL854702","prefer not to say","Audi A4","AB 6297 CX-943","Green","Luxury","true","Lutsk, Shevchenka St, 111","Lutsk, Naukova St, 149","2.93","IN_PROGRESS","22.41","2026-01-31","3","Polite driver"
"Yevhen","Kravchenko","+380664716531","male","Olena","Kovalenko","+380694546912","DL111212","female","Subaru Legacy","BI 9988 CX-944","Grey","Sedan","true","Chernivtsi, Vasylkivska St, 112","Chernivtsi, Chornovola Ave, 117","5.21","ACCEPTED","89.14","2026-03-23","4","Great trip!"
"Alina","Zaitsev","+380954774625","prefer not to say","Viktor","Hrytsenko","+380636142796","DL233684","prefer not to say","Volkswagen Passat","BO 8211 II-945","White","Luxury","true","Odesa, Valova St, 18","Odesa, Stryiska St, 22","5.99","SCHEDULED","107.10","2026-01-14","1","Highly recommend"
"Olena","Dovzhenko","+380783384114","male","Iryna","Sokolova","+380821762703","DL209078","female","Ford Fusion","AM 5954 II-946","Brown","Sedan","true","Chernivtsi, Kulparkivska St, 9","Chernivtsi, Zelena St, 86","7.05","PENDING","106.76","2026-01-19","4","Terrible service"
"Mariia","Oliinyk","+380683115800","female","Yevhen","Lysenko","+380997863110","DL416771","male","Volkswagen Passat","BC 3548 AA-947","Yellow","Sedan","true","Lutsk, Zelena St, 126","Lutsk, Horodotska St, 85","1.09","REJECTED","49.59","2026-01-13","4","Excellent service"
"Kateryna","Hrytsenko","+380631805801","female","Nataliia","Khmelyov","+380971115151","DL381012","other","Subaru Legacy","AO 4989 CX-948","Green","Hatchback","true","Kherson, Valova St, 21","Kherson, Franka St, 89","8.21","IN_PROGRESS","99.36","2026-03-02","1","Car was uncomfortable"
"Yevhen","Melnyk","+380941242240","prefer not to say","Alina","Boyko","+380751380636","DL927055","female","Nissan Altima","BT 9510 BB-949","Dark Blue","Sedan","true","Zaporizhzhia, Valova St, 6","Zaporizhzhia, Khmelnitskoho St, 25","4.17","REJECTED","29.95","2026-02-11","3","Very clean car"
"Volodymyr","Bondarenko","+380991259959","male","Andrii","Polishchuk","+380816483800","DL580335","female","Subaru Legacy","BO 6117 HT-950","Dark Blue","SUV","true","Lutsk, Kulparkivska St, 45","Lutsk, Zelena St, 126","12.60","SCHEDULED","71.80","2026-02-09","2","Driver was late"
"Yevhen","Lysenko","+380729419542","other","Dmytro","Kovalenko","+380664379176","DL483556","other","Subaru Legacy","AE 6698 BB-951","Green","Hatchback","true","Dnipro, Naukova St, 136","Dnipro, Pekarska St, 63","2.42","IN_PROGRESS","39.11","2026-02-06","5","Will ride again"
"Mykola","Khmelyov","+380939848360","other","Mykola","Boyko","+380651686054","DL499785","female","Audi A4","AB 5596 BB-952","Orange","Sedan","true","Kyiv, Valova St, 58","Kyiv, Chornovola Ave, 20","6.71","PENDING","67.58","2026-01-06","5","Bad smell in cabin"
"Pavlo","Kravchenko","+380919675220","male","Volodymyr","Shevchenko","+380891889402","DL643662","other","Nissan Altima","BA 6340 CX-953","Red","Sedan","false","Rivne, Vasylkivska St, 29","Rivne, Sichovykh Striltsiv St, 8","9.68","CANCELLED","81.33","2026-03-10","1","Could be better"
"Dmytro","Kushnir","+380699419868","male","Dmytro","Goncharenko","+380813261323","DL289523","female","Toyota Camry","BE 9432 CX-954","Green","Hatchback","true","Rivne, Chornovola Ave, 144","Rivne, Zelena St, 11","12.18","REJECTED","12.83","2026-03-18","4","Car was uncomfortable"
"Volodymyr","Tkachenko","+380973413549","other","Mariia","Marchenko","+380918500302","DL195270","prefer not to say","Subaru Legacy","AT 1322 BB-955","Dark Blue","Sedan","true","Dnipro, Bandery St, 146","Dnipro, Sichovykh Striltsiv St, 135","3.41","COMPLETED","82.80","2026-02-20","3","Driver was rude"
"Kateryna","Marchenko","+380778278401","other","Svitlana","Shevchenko","+380741928374","DL742771","other","Skoda Octavia","BB 3264 CX-956","Black","Hatchback","true","Vinnytsia, Horodotska St, 5","Vinnytsia, Sichovykh Striltsiv St, 82","2.29","COMPLETED","60.19","2026-03-20","5","Will ride again"
"Svitlana","Marchenko","+380636659285","female","Volodymyr","Khmelyov","+380653400801","DL851454","male","Volkswagen Passat","BE 4224 HT-957","Orange","Hatchback","true","Lviv, Lychakivska St, 77","Lviv, Vasylkivska St, 40","2.01","COMPLETED","37.92","2026-02-27","3","Excellent service"
"Anna","Kovalenko","+380976196100","male","Mykola","Kushnir","+380941497629","DL283584","other","Tesla Model 3","AM 3058 AA-958","Grey","Sedan","true","Vinnytsia, Sichovykh Striltsiv St, 4","Vinnytsia, Horodotska St, 91","13.50","COMPLETED","31.64","2026-02-11","4","Excellent service"
"Oleksandr","Goncharenko","+380834192218","other","Iryna","Polishchuk","+380793601686","DL561117","female","Tesla Model 3","BH 8740 CX-959","Black","SUV","false","Mykolaiv, Chornovola Ave, 65","Mykolaiv, Khmelnitskoho St, 34","12.63","FAILED","30.81","2026-01-10","4","Very clean car"
"Anna","Melnyk","+380717591777","female","Pavlo","Fedorov","+380669832012","DL853825","male","Kia Optima","AX 5373 II-960","Green","Hatchback","false","Kyiv, Kulparkivska St, 69","Kyiv, Pekarska St, 46","2.33","IN_PROGRESS","30.92","2026-02-25","2","Driver was late"
"Dmytro","Lysenko","+380651920969","male","Nataliia","Bondarenko","+380909215455","DL832032","other","Ford Fusion","BE 4883 HT-961","Dark Blue","Luxury","true","Mykolaiv, Shevchenka St, 111","Mykolaiv, Bandery St, 24","15.69","PENDING","47.59","2026-01-13","2","Smooth ride"
"Olena","Boyko","+380684143731","male","Nataliia","Polishchuk","+380691902734","DL787056","female","Tesla Model 3","BE 8507 AA-962","Red","Hatchback","true","Kyiv, Khmelnitskoho St, 29","Kyiv, Stryiska St, 102","9.06","IN_PROGRESS","88.27","2026-03-25","3","Driver was late"
"Kateryna","Fedorov","+380855107460","male","Oleksandr","Zaitsev","+380897627211","DL218218","other","Mercedes-Benz C-Class","BE 9180 CX-963","Orange","Sedan","true","Ivano-Frankivsk, Stryiska St, 105","Ivano-Frankivsk, Stryiska St, 94","15.40","COMPLETED","28.17","2026-01-10","3","Could be better"
"Oleksandr","Melnyk","+380883243002","other","Yevhen","Sokolova","+380895738223","DL596682","female","Mercedes-Benz C-Class","AO 2283 CX-964","Green","SUV","true","Rivne, Pekarska St, 77","Rivne, Bandery St, 2","4.41","PENDING","97.54","2026-02-11","2","Driver was rude"
"Svitlana","Sokolova","+380716250582","female","Alina","Boyko","+380728796038","DL753666","prefer not to say","Toyota Camry","BC 8094 HT-965","Black","Hatchback","false","Rivne, Kulparkivska St, 98","Rivne, Pekarska St, 129","12.26","PENDING","21.49","2026-02-19","5","Smooth ride"
"Volodymyr","Boyko","+380708891399","male","Pavlo","Zaitsev","+380902996342","DL415939","female","Honda Accord","BE 1545 BB-966","Yellow","SUV","true","Odesa, Kulparkivska St, 76","Odesa, Vasylkivska St, 44","2.51","FAILED","64.58","2026-02-23","5","Not recommended"
"Mariia","Boyko","+380694057289","female","Nataliia","Hrytsenko","+380994553980","DL296899","female","Audi A4","BA 4117 AA-967","Dark Blue","Luxury","true","Kharkiv, Bandery St, 51","Kharkiv, Lychakivska St, 32","14.20","ACCEPTED","16.73","2026-02-18","2","Not recommended"
"Viktor","Lysenko","+380925482528","other","Pavlo","Goncharenko","+380711385972","DL975745","male","Mazda 6","BH 1918 II-968","White","SUV","true","Ivano-Frankivsk, Sichovykh Striltsiv St, 148","Ivano-Frankivsk, Kulparkivska St, 19","15.07","SCHEDULED","63.43","2026-03-14","5","Amazing experience"
"Svitlana","Kushnir","+380955607266","prefer not to say","Viktor","Lysenko","+380967405510","DL144999","prefer not to say","Volkswagen Passat","AA 6346 HT-969","Grey","Sedan","true","Kherson, Franka St, 4","Kherson, Zelena St, 37","3.13","IN_PROGRESS","15.37","2026-02-10","4","Driver was late"
"Oksana","Kushnir","+380687728464","other","Yuliia","Boyko","+380757055427","DL525648","other","Mercedes-Benz C-Class","AE 4540 II-970","Dark Blue","Luxury","true","Odesa, Vasylkivska St, 46","Odesa, Chornovola Ave, 116","13.69","COMPLETED","30.76","2026-03-06","5","Car was uncomfortable"
"Dmytro","Fedorov","+380834894746","prefer not to say","Svitlana","Melnyk","+380652462817","DL115227","other","Tesla Model 3","AO 2017 CX-971","Brown","SUV","false","Ivano-Frankivsk, Valova St, 51","Ivano-Frankivsk, Chornovola Ave, 107","3.76","ACCEPTED","38.59","2026-01-20","3","Great trip!"
"Ivan","Tkachenko","+380784562119","prefer not to say","Alina","Hrytsenko","+380885729950","DL940190","prefer not to say","Kia Optima","BK 4517 BB-972","Grey","Luxury","true","Lutsk, Pekarska St, 90","Lutsk, Pekarska St, 95","6.53","CANCELLED","16.25","2026-02-14","4","Not recommended"
"Yevhen","Fedorov","+380728889944","prefer not to say","Yevhen","Tkachenko","+380843180492","DL947897","other","Audi A4","AP 1026 HT-973","Grey","Luxury","true","Lutsk, Lychakivska St, 66","Lutsk, Shevchenka St, 5","14.52","REJECTED","13.25","2026-01-17","3","Polite driver"
"Anna","Goncharenko","+380991835147","other","Anna","Zaitsev","+380872907516","DL513586","other","Toyota Camry","BH 8061 HT-974","Grey","Luxury","true","Rivne, Horodotska St, 1","Rivne, Lychakivska St, 45","10.46","CANCELLED","11.95","2026-01-07","1","Highly recommend"
"Serhii","Marchenko","+380901594012","male","Kateryna","Khmelyov","+380983718440","DL614774","other","Nissan Altima","AP 6868 BB-975","Grey","Luxury","true","Uzhhorod, Stryiska St, 64","Uzhhorod, Chornovola Ave, 54","6.25","FAILED","52.40","2026-01-06","5","Polite driver"
"Kateryna","Lysenko","+380636344900","prefer not to say","Mariia","Shevchenko","+380984292626","DL605063","prefer not to say","Mazda 6","AP 1519 AA-976","Red","Sedan","true","Uzhhorod, Horodotska St, 87","Uzhhorod, Valova St, 87","1.12","COMPLETED","75.55","2026-03-13","5","Amazing experience"
"Yevhen","Polishchuk","+380636373634","male","Anna","Marchenko","+380647240285","DL100371","female","Mazda 6","BH 7069 BB-977","Silver","Hatchback","false","Ivano-Frankivsk, Zelena St, 46","Ivano-Frankivsk, Valova St, 119","9.82","ACCEPTED","63.28","2026-01-12","5","Great trip!"
"Serhii","Goncharenko","+380734858028","prefer not to say","Anna","Kravchenko","+380685897290","DL264864","prefer not to say","Subaru Legacy","AP 7594 BB-978","Red","Sedan","true","Vinnytsia, Horodotska St, 28","Vinnytsia, Naukova St, 17","4.34","COMPLETED","69.87","2026-02-19","3","Polite driver"
"Volodymyr","Tkachenko","+380843214444","female","Viktor","Kushnir","+380741963337","DL390184","male","Mazda 6","AM 3901 II-979","Black","Hatchback","true","Ternopil, Zelena St, 47","Ternopil, Chornovola Ave, 124","2.47","PENDING","31.45","2026-03-04","4","Terrible service"
"Viktor","Fedorov","+380969158697","prefer not to say","Viktor","Sokolova","+380997720769","DL981292","other","Audi A4","BM 8836 CX-980","Orange","SUV","true","Vinnytsia, Valova St, 10","Vinnytsia, Khmelnitskoho St, 118","7.66","COMPLETED","51.02","2026-02-14","2","Not recommended"
"Andrii","Zaitsev","+380927091901","male","Anna","Marchenko","+380801923302","DL773489","other","Skoda Octavia","BH 2486 HT-981","Red","Hatchback","false","Lutsk, Valova St, 59","Lutsk, Valova St, 130","2.61","SCHEDULED","98.61","2026-01-23","5","Amazing experience"
"Viktor","Goncharenko","+380862954800","prefer not to say","Olena","Khmelyov","+380684535057","DL625129","other","Kia Optima","BK 7672 AA-982","Grey","Hatchback","true","Rivne, Kulparkivska St, 68","Rivne, Kulparkivska St, 15","4.69","COMPLETED","37.67","2026-01-17","3","Very clean car"
"Ivan","Kovalenko","+380689611872","other","Mariia","Kovalenko","+380955734043","DL231251","other","Skoda Octavia","BI 2300 AA-983","Black","Luxury","true","Chernivtsi, Shevchenka St, 131","Chernivtsi, Franka St, 81","2.43","CANCELLED","107.89","2026-02-06","4","Terrible service"
"Svitlana","Goncharenko","+380909949209","prefer not to say","Alina","Marchenko","+380917871967","DL964216","prefer not to say","BMW 5 Series","AE 5050 HT-984","Yellow","Hatchback","false","Odesa, Khmelnitskoho St, 85","Odesa, Bandery St, 108","2.35","ACCEPTED","58.99","2026-01-08","4","Great trip!"
"Ivan","Kushnir","+380732794345","male","Oksana","Kravchenko","+380662443302","DL582125","male","Skoda Octavia","BK 2623 AA-985","White","Sedan","false","Kharkiv, Sichovykh Striltsiv St, 97","Kharkiv, Kulparkivska St, 21","1.79","ACCEPTED","70.73","2026-03-01","5","Car was uncomfortable"
"Andrii","Shevchenko","+380649070446","prefer not to say","Viktor","Kovalenko","+380822098320","DL607506","other","Kia Optima","BC 6247 AA-986","Black","Sedan","true","Mykolaiv, Vasylkivska St, 75","Mykolaiv, Chornovola Ave, 35","1.82","CANCELLED","30.32","2026-01-15","3","Polite driver"
"Anna","Lysenko","+380722392170","female","Kateryna","Shevchenko","+380657619734","DL367782","male","Mazda 6","BB 7206 II-987","Silver","Sedan","true","Mykolaiv, Valova St, 142","Mykolaiv, Zelena St, 24","14.37","SCHEDULED","12.26","2026-01-05","2","Very clean car"
"Olena","Shevchenko","+380972463236","other","Alina","Dovzhenko","+380759630047","DL374848","female","Mercedes-Benz C-Class","BC 6783 BB-988","Green","Sedan","true","Lutsk, Zelena St, 111","Lutsk, Valova St, 50","12.81","FAILED","101.31","2026-01-14","2","Could be better"
"Svitlana","Oliinyk","+380667577671","female","Pavlo","Bondarenko","+380964210008","DL517658","other","Ford Fusion","AM 9934 II-989","White","Sedan","false","Kherson, Chornovola Ave, 127","Kherson, Khmelnitskoho St, 44","10.10","CANCELLED","23.47","2026-01-27","1","Polite driver"
"Andrii","Zaitsev","+380967834252","prefer not to say","Yuliia","Oliinyk","+380758092308","DL888646","male","Toyota Camry","AM 9050 AA-990","Silver","Sedan","false","Lutsk, Horodotska St, 67","Lutsk, Naukova St, 115","15.45","FAILED","79.58","2026-02-10","5","Bad smell in cabin"
"Mykola","Shevchenko","+380981733829","female","Iryna","Bondarenko","+380905832956","DL508999","prefer not to say","Honda Accord","AM 1352 HT-991","Orange","Luxury","true","Ternopil, Stryiska St, 58","Ternopil, Stryiska St, 149","2.53","PENDING","51.76","2026-02-08","4","Could be better"
"Viktor","Goncharenko","+380882242086","other","Mariia","Marchenko","+380647665969","DL309139","prefer not to say","Audi A4","BB 1464 CX-992","Dark Blue","Luxury","true","Zaporizhzhia, Bandery St, 18","Zaporizhzhia, Zelena St, 100","7.24","FAILED","47.42","2026-02-03","1","Very clean car"
"Andrii","Bondarenko","+380692998655","other","Oleksandr","Melnyk","+380738930341","DL227194","female","Hyundai Sonata","BH 6105 HT-993","Brown","Hatchback","true","Uzhhorod, Pekarska St, 116","Uzhhorod, Shevchenka St, 130","13.91","SCHEDULED","14.08","2026-02-26","2","Bad smell in cabin"
"Anna","Tkachenko","+380901518619","male","Serhii","Polishchuk","+380908463206","DL950841","other","Nissan Altima","AM 6819 CX-994","Green","SUV","true","Zaporizhzhia, Valova St, 116","Zaporizhzhia, Pekarska St, 36","3.33","FAILED","79.18","2026-01-11","1","Great trip!"
"Yevhen","Hrytsenko","+380792113977","other","Iryna","Oliinyk","+380776145111","DL226022","female","BMW 5 Series","AA 5534 AA-995","Orange","Luxury","true","Zaporizhzhia, Lychakivska St, 32","Zaporizhzhia, Zelena St, 83","7.67","CANCELLED","51.32","2026-03-06","3","Could be better"
"Oleksandr","Marchenko","+380763880665","female","Mariia","Marchenko","+380634377134","DL857003","female","Subaru Legacy","AM 4482 II-996","Dark Blue","Hatchback","true","Kyiv, Zelena St, 114","Kyiv, Lychakivska St, 19","7.70","REJECTED","14.81","2026-02-02","2","Smooth ride"
"Dmytro","Kovalenko","+380736735328","female","Viktor","Kravchenko","+380707013990","DL492208","other","Tesla Model 3","AO 1275 BB-997","White","SUV","false","Kherson, Valova St, 90","Kherson, Chornovola Ave, 27","4.62","COMPLETED","94.24","2026-02-22","2","Smooth ride"
"Oleksandr","Polishchuk","+380848901316","prefer not to say","Volodymyr","Tkachenko","+380747736482","DL497278","prefer not to say","Mazda 6","BT 2121 HT-998","Brown","Hatchback","true","Rivne, Khmelnitskoho St, 131","Rivne, Lychakivska St, 86","3.59","SCHEDULED","38.21","2026-02-20","5","Excellent service"
"Serhii","Khmelyov","+380963184639","female","Mykola","Polishchuk","+380632861933","DL965158","female","Audi A4","BE 9463 CX-999","Brown","SUV","false","Dnipro, Lychakivska St, 116","Dnipro, Khmelnitskoho St, 144","7.51","COMPLETED","34.12","2026-01-13","3","Amazing experience"
